employee_id,age,department,job_level,monthly_income,years_at_company,years_since_promotion,distance_from_home,overtime,job_satisfaction,work_life_balance,num_projects,attrition
E500173,22,R&D,4,10700.0,2,5,3,no,4,3,1,0
E500918,32,Sales,4,10010.0,14,0,24,No,3,3,2,0
E500005,22,HR,3,9030.0,5,1,33,Yes,2,3,5,0
E500250,55,Operations,1,7970.0,0,1,6,no,1,4,2,0
E500695,52,HR,2,7380.0,13,6,21,No,4,4,2,0
E500215,52,Support,2,,11,2,5,No,3,4,2,0
E500240,52,R&D,1,5560.0,9,1,3,No,1,2,7,1
E500575,29,R&D,1,6040.0,4,2,10,No,2,1,6,1
E501443,34,Sales,2,8360.0,2,1,4,No,2,3,6,0
E500864,48,R&D,2,8870.0,16,1,5,No,3,3,3,0
E500512,43,R&D,4,10260.0,3,2,9,Yes,2,3,7,0
E501395,23,HR,2,6530.0,1,3,20,Yes,2,3,5,0
E500630,31,Sales,4,9660.0,10,0,6,No,3,3,7,0
E500697,23,R&D,2,6810.0,3,2,3,No,3,1,3,0
E500887,24,R&D,1,,3,3,7,Yes,4,3,3,0
E501000,27,Operations,3,7850.0,3,5,10,Yes,2,4,1,0
E501382,42,Sales,3,8910.0,5,3,17,No,1,3,6,0
E501364,55,R&D,3,9690.0,6,0,5,No,3,3,4,0
E500170,49,Sales,4,11650.0,4,1,4,No,3,4,1,0
E501489,32,HR,3,,5,3,21,No,3,2,2,0
E500750,24,R&D,3,8460.0,4,1,5,No,3,4,4,0
E501322,33,R&D,5,11490.0,2,3,9,No,2,3,3,0
E500947,55,Operations,3,9140.0,4,2,4,No,3,1,5,0
E500400,30,Sales,2,5720.0,0,1,7,Yes,4,3,7,1
E500284,53,HR,2,6150.0,5,3,8,Yes,3,2,1,1
E500242,46,Sales,4,10720.0,1,1,18,No,1,3,4,0
E500709,27,Sales,3,8940.0,8,3,8,No,4,3,6,0
E500901,25,R&D,4,10150.0,10,0,14,No,4,2,4,0
E500712,48,Sales,3,9140.0,5,2,15,No,1,2,7,0
E501216,53,Sales,3,9400.0,5,2,15,No,3,3,5,0
E500420,24,Operations,1,5200.0,4,2,23,No,2,2,4,0
E500979,49,Support,2,8020.0,4,1,7,No,3,3,2,0
E500726,22,SALES,2,7630.0,7,1,11,Yes,4,4,1,0
E501153,50,Sales,1,3310.0,6,2,5,No,2,2,6,0
E501021,50,R&D,1,4530.0,6,3,15,No,2,2,7,1
E500381,30,Sales,1,5830.0,7,2,19,No,3,2,4,0
E500026,46,Sales,3,8880.0,21,2,5,No,2,3,3,0
E501160,39,Sales,2,7170.0,1,1,8,No,3,2,6,0
E500023,59,Support,4,11810.0,2,2,9,No,1,4,3,0
E500729,22,R&D,2,6480.0,3,1,5,Yes,2,3,6,1
E501085,26,Operations,2,7800.0,6,2,4,Yes,4,3,3,0
E500489,48,Sales,2,7130.0,4,4,2,No,1,3,1,0
E500107,49,R&D,3,8560.0,11,3,9,No,3,1,7,0
E501191,43,Operations,1,6390.0,6,4,13,No,3,3,3,0
E501453,34,HR,4,9340.0,7,2,9,Yes,3,2,4,0
E501311,31,Support,2,8730.0,4,1,8,No,3,1,5,0
E500690,23,Operations,4,10120.0,3,1,33,No,3,4,6,0
E500117,33,Support,3,10170.0,9,2,6,No,3,3,3,0
E501055,41,Sales,1,,1,4,11,No,2,4,2,0
E501136,34,Sales,2,7480.0,2,3,2,No,2,1,6,1
E500565,42,R&D,3,,8,0,6,No,4,2,4,0
E500755,53,HR,2,9200.0,1,2,2,No,1,3,5,0
E501479,39,Sales,1,6610.0,3,1,14,Yes,2,4,6,0
E501401,38,Operations,2,7660.0,11,1,12,Yes,3,4,4,0
E500521,43,Operations,3,8290.0,15,2,20,Yes,2,4,6,1
E500891,37,Operations,2,8080.0,10,1,5,No,4,3,5,0
E500909,25,Support,2,6820.0,5,1,11,No,2,3,3,0
E500402,59,Support,5,12580.0,6,5,6,No,3,4,5,0
E500816,53,R&D,2,8070.0,8,3,7,No,1,2,1,1
E500523,28,R&D,1,5250.0,3,3,14,No,1,3,2,1
E501135,47,R&D,1,5580.0,10,3,34,No,1,3,6,0
E500546,26,Sales,2,,10,3,9,No,2,2,7,1
E500827,49,Operations,3,9860.0,10,0,8,No,3,3,2,0
E500446,37,Support,1,6050.0,3,0,14,Yes,1,3,1,0
E500177,55,Sales,3,8850.0,3,0,3,No,2,1,2,0
E500286,35,R&D,1,5190.0,18,1,4,Yes,2,3,4,0
E500334,42,Operations,4,12160.0,6,3,5,No,4,3,7,0
E500564,46,R&D,1,5100.0,2,2,16,Yes,1,2,1,1
E500459,34,Support,3,10140.0,3,2,14,No,1,3,6,1
E500595,36,SUPPORT,3,8310.0,1,1,3,No,2,1,7,0
E501371,52,Operations,3,10090.0,4,2,11,Yes,1,4,7,1
E500299,51,Sales,4,10360.0,8,1,15,Yes,3,3,3,0
E500214,44,Operations,1,4980.0,2,3,7,No,1,2,7,0
E501365,31,Sales,4,9410.0,10,1,11,No,4,1,6,0
E501400,23,Sales,3,6380.0,8,2,6,No,1,3,2,1
E501269,47,R&D,2,7920.0,0,4,11,Yes,2,2,5,1
E500544,25,SALES,5,11480.0,10,1,3,No,2,3,2,0
E500200,43,R&D,3,8020.0,9,2,3,Yes,4,2,6,0
E501340,37,HR,1,5860.0,7,6,9,No,4,3,5,0
E501295,24,Support,2,6580.0,7,2,14,No,4,4,3,0
E501024,29,SUPPORT,1,5220.0,7,2,6,No,2,3,6,0
E501176,22,R&D,4,8610.0,7,6,10,No,1,4,1,0
E501183,29,Sales,3,8860.0,12,4,18,No,3,4,4,0
E500433,25,Operations,2,7420.0,4,3,4,No,4,3,6,0
E500722,34,R&D,1,6390.0,6,1,7,No,3,1,3,0
E500472,36,R&D,4,10770.0,11,3,31,Yes,3,4,7,1
E501123,45,Sales,1,5340.0,7,0,8,No,2,4,1,0
E500201,44,Operations,1,4830.0,0,1,10,No,4,3,2,0
E501351,38,HR,3,9510.0,4,1,15,No,3,2,2,1
E501090,28,Operations,1,,8,3,9,No,1,1,6,1
E500946,38,Sales,2,6650.0,3,3,20,Yes,3,3,4,0
E500480,59,R&D,2,7660.0,10,6,5,No,4,2,4,0
E500030,56,R&D,2,8970.0,3,0,1,No,2,3,3,0
E500321,25,R&D,2,6870.0,2,3,3,No,1,2,4,0
E500443,47,Support,2,8320.0,7,2,6,No,1,3,3,1
E500547,41,HR,3,11410.0,4,5,10,No,3,4,2,0
E500603,54,HR,3,10000.0,4,1,1,Yes,3,4,1,0
E501157,33,R&D,3,9280.0,4,0,7,No,3,3,1,0
E500326,23,Operations,1,3090.0,3,3,9,Yes,3,4,5,1
E500912,30,R&D,1,4850.0,2,0,10,Yes,2,3,5,0
E500271,57,Sales,2,9970.0,2,3,8,Yes,3,4,5,1
E500441,52,Operations,1,6390.0,3,0,8,No,2,2,1,0
E501067,56,R&D,2,7560.0,8,2,9,Yes,3,3,4,0
E501264,53,Sales,2,8190.0,1,1,14,No,4,2,6,0
E500366,56,R&D,3,9570.0,4,2,5,No,3,3,1,0
E500152,43,R&D,1,6370.0,9,0,38,Yes,3,2,6,0
E500786,41,Sales,5,13700.0,15,1,16,No,4,3,2,0
E500955,48,Sales,3,8920.0,3,3,17,Yes,1,4,1,0
E500596,49,R&D,2,9280.0,5,4,8,No,3,3,6,0
E501336,26,R&D,3,7940.0,7,2,4,No,3,2,2,0
E500812,24,R&D,1,5790.0,21,3,4,No,1,3,1,0
E500435,49,SALES,3,10750.0,10,0,4,No,3,3,2,0
E500783,25,Sales,4,10790.0,3,1,17,No,3,3,1,0
E500085,47,R&D,3,9260.0,5,2,14,Yes,1,2,5,1
E500962,30,R&D,4,10960.0,6,0,7,No,4,3,7,0
E500693,49,R&D,2,7720.0,1,0,20,Yes,2,3,5,0
E501470,59,Sales,4,11700.0,6,2,9,Yes,2,2,4,0
E501093,34,Operations,5,11810.0,8,2,3,No,2,2,2,0
E500681,45,Sales,1,5090.0,2,0,16,Yes,2,3,4,1
E501206,32,Operations,3,9470.0,7,3,4,No,3,2,1,0
E500248,30,Sales,5,12650.0,6,0,4,No,4,4,3,0
E501315,51,R&D,1,7010.0,7,1,18,Yes,3,2,6,0
E500281,40,R&D,3,9690.0,3,1,6,No,2,4,3,0
E501414,53,HR,4,10860.0,7,1,1,No,3,2,6,0
E501461,43,Operations,3,7370.0,4,1,13,Yes,4,2,7,1
E500982,38,Sales,1,4570.0,5,5,12,Yes,4,3,4,0
E500842,34,HR,3,7680.0,1,1,13,Yes,3,3,1,0
E501305,56,R&D,1,7620.0,12,0,16,Yes,4,4,5,0
E500934,49,Support,1,6220.0,10,3,2,No,2,1,7,1
E500046,31,Sales,3,7600.0,5,0,8,No,4,1,5,0
E500919,59,Support,2,8460.0,5,4,12,No,4,4,2,0
E501248,48,Operations,3,8390.0,5,2,4,No,3,2,6,1
E501389,30,Sales,2,6040.0,2,2,8,No,2,2,5,0
E501494,34,Operations,2,6890.0,3,5,20,No,3,3,5,0
E500295,43,Sales,2,7320.0,3,2,14,No,3,1,7,0
E500717,47,Sales,1,5160.0,12,4,7,no,2,3,5,0
E500589,41,R&D,4,11750.0,8,1,21,Yes,1,1,7,1
E500686,29,Operations,2,7000.0,2,4,1,No,4,3,5,0
E500656,40,R&D,4,10680.0,11,2,5,Yes,2,4,3,0
E500078,46,Operations,5,13140.0,6,5,11,Yes,2,2,5,0
E501293,50,Operations,2,8170.0,4,1,8,No,3,3,7,0
E500999,24,HR,1,5280.0,7,0,31,No,2,4,7,0
E501496,42,OPERATIONS,3,9430.0,1,3,18,yes,3,4,3,0
E501204,29,HR,3,8500.0,6,3,12,Yes,3,3,1,0
E500960,23,Support,3,,10,4,7,Yes,4,3,7,0
E500530,40,HR,2,7700.0,5,2,7,Yes,1,4,2,1
E500724,42,Support,1,4420.0,11,2,6,Yes,1,3,5,0
E500964,23,Sales,1,,4,3,4,No,2,4,7,0
E500266,42,Support,2,8110.0,4,1,3,Yes,2,3,2,0
E500765,31,Support,2,6450.0,4,3,9,No,3,1,4,0
E501451,27,Sales,2,6700.0,19,2,15,No,1,3,5,1
E500768,43,OPERATIONS,1,5610.0,3,1,17,No,4,3,6,0
E501455,29,Operations,1,5260.0,6,3,6,Yes,4,4,7,0
E500442,43,R&D,2,7790.0,1,1,5,No,3,2,1,1
E500642,39,R&D,3,9140.0,14,4,2,yes,4,4,6,0
E501337,56,Operations,2,8520.0,3,2,8,No,4,3,4,0
E501028,46,R&D,1,5970.0,3,3,2,Yes,1,4,3,1
E500194,54,Sales,2,8970.0,7,3,1,Yes,2,3,7,0
E500025,43,R&D,3,7870.0,1,1,5,Yes,2,1,2,1
E501102,37,Support,1,5840.0,4,0,13,yes,2,2,4,0
E500276,47,Support,5,14880.0,5,0,3,Yes,4,4,4,0
E500103,54,R&D,1,4760.0,3,2,14,Yes,4,3,4,0
E501187,40,HR,4,,7,0,16,No,3,2,3,0
E500637,50,R&D,1,6420.0,5,4,17,Yes,4,2,2,0
E500975,26,R&D,3,9090.0,9,1,7,Yes,4,3,5,1
E501463,41,Support,1,5050.0,6,4,10,No,4,2,2,0
E500259,22,R&D,1,3220.0,5,2,8,No,2,4,2,1
E500829,49,Operations,2,6810.0,9,3,6,No,1,3,4,0
E500895,50,Operations,4,12190.0,3,1,15,No,1,3,2,0
E500519,40,HR,1,5850.0,7,1,4,No,4,3,5,0
E501217,33,Sales,3,,4,2,5,No,1,3,7,0
E501386,43,Sales,3,8130.0,5,1,14,Yes,2,2,1,1
E500850,47,R&D,2,7310.0,7,2,4,No,2,1,1,0
E500033,41,R&D,1,4940.0,5,4,1,Yes,1,3,3,0
E500084,54,Sales,3,11850.0,10,5,9,No,3,2,2,0
E501022,48,R&D,2,7130.0,12,6,15,No,1,1,4,1
E501238,50,R&D,1,,8,0,4,No,1,4,4,0
E500387,38,R&D,4,10550.0,2,1,7,yes,3,3,4,0
E500808,32,R&D,2,6650.0,2,1,3,Yes,2,3,1,0
E500189,58,Operations,4,12420.0,3,1,29,No,3,3,1,0
E500267,59,Support,1,6590.0,9,3,6,No,4,3,6,0
E500966,39,Sales,2,8140.0,6,1,9,No,3,4,7,0
E500645,23,Sales,3,,2,0,8,Yes,3,4,1,0
E500083,25,R&D,2,6550.0,6,0,23,No,2,3,7,0
E500067,50,Sales,3,9000.0,5,1,5,No,4,4,5,0
E500963,36,R&D,1,5610.0,6,2,1,No,4,3,2,0
E500168,37,Sales,1,6830.0,12,2,11,No,2,2,6,0
E500491,42,R&D,3,,7,3,20,No,1,3,7,0
E500207,43,R&D,3,9030.0,4,3,6,No,2,4,6,0
E500877,23,HR,1,4960.0,5,2,4,No,3,4,4,0
E500929,38,R&D,2,7100.0,10,1,11,Yes,2,1,1,0
E501112,43,R&D,3,7570.0,2,1,10,No,2,1,6,0
E500751,45,Operations,4,11040.0,4,3,15,No,2,3,4,0
E501294,55,Support,3,9270.0,6,0,4,No,3,1,1,0
E500592,27,Sales,1,3960.0,2,2,13,No,1,3,3,0
E500969,41,HR,2,8020.0,7,2,15,No,2,4,2,0
E500873,47,R&D,3,8380.0,10,1,9,Yes,3,3,3,0
E500643,38,Support,1,,7,1,19,No,1,3,6,0
E500763,26,Support,3,9290.0,1,1,14,Yes,4,2,3,0
E500147,35,R&D,2,8100.0,8,1,4,No,3,4,3,0
E501151,56,Operations,2,7440.0,8,2,9,Yes,4,2,3,0
E501272,36,Sales,5,13150.0,3,2,16,No,4,1,6,0
E501478,59,R&D,2,10110.0,9,2,11,Yes,4,2,2,0
E501493,22,Operations,2,,4,2,6,No,2,4,6,0
E500320,55,Sales,2,10030.0,5,0,12,No,3,4,7,0
E501016,38,Sales,2,7010.0,5,1,5,Yes,4,4,3,0
E500561,24,R&D,5,11530.0,9,1,9,No,3,2,1,0
E500801,39,Operations,1,6060.0,3,1,11,No,2,3,2,0
E500378,48,Sales,2,7600.0,7,1,2,No,1,2,7,0
E501296,28,R&D,4,11200.0,1,1,16,No,3,2,6,0
E500615,42,R&D,2,7640.0,4,3,7,Yes,4,2,6,0
E500665,37,R&D,2,8390.0,4,2,22,Yes,4,4,4,0
E500557,42,R&D,3,8750.0,8,0,6,No,3,4,6,0
E500159,22,R&D,2,5860.0,3,1,10,No,1,1,2,0
E500473,32,HR,3,9080.0,7,1,17,Yes,2,1,3,1
E501307,35,R&D,2,6570.0,4,1,11,Yes,3,2,6,1
E500022,33,Sales,4,10690.0,3,3,18,No,4,2,5,0
E501097,28,Operations,3,7220.0,7,2,8,Yes,2,3,4,0
E500971,42,Operations,3,8760.0,6,1,10,No,2,3,5,0
E500133,52,Operations,1,6220.0,5,2,1,No,4,3,4,1
E500672,53,R&D,5,12520.0,6,1,8,No,4,2,5,1
E501497,38,Operations,2,7510.0,2,2,25,No,4,3,6,0
E500833,52,Operations,5,13190.0,8,4,13,Yes,1,4,1,0
E500058,47,Sales,1,5700.0,2,1,14,No,1,3,6,1
E500828,24,Support,1,4510.0,1,3,15,No,2,2,7,1
E500696,54,Sales,3,10960.0,2,1,4,Yes,3,2,3,0
E500879,39,Operations,1,4520.0,12,4,4,No,3,3,1,0
E501334,55,HR,4,10590.0,2,1,2,Yes,2,3,5,0
E500728,23,R&D,2,5720.0,2,0,6,Yes,3,3,4,0
E500049,37,HR,2,7380.0,9,1,2,Yes,4,2,7,0
E500195,27,HR,2,7110.0,3,0,16,No,4,1,3,0
E500621,45,Sales,3,9700.0,1,1,6,Yes,4,3,6,0
E500291,27,Operations,3,9730.0,2,2,7,No,2,3,3,0
E500249,52,HR,1,6450.0,2,1,3,No,3,2,3,0
E501250,28,Operations,5,10910.0,8,4,3,No,4,4,7,0
E500167,47,Operations,2,8500.0,1,1,5,No,3,2,2,0
E500135,22,Sales,1,5000.0,14,3,12,Yes,2,2,3,0
E501251,25,Sales,2,6440.0,3,0,9,Yes,2,3,5,0
E500306,34,Operations,1,5930.0,9,0,1,No,2,3,7,0
E500178,55,Operations,1,6970.0,5,3,5,Yes,3,2,3,1
E500339,26,R&D,3,8200.0,4,4,4,Yes,2,2,7,1
E500481,35,Support,1,6870.0,3,3,2,No,2,4,4,0
E500405,43,SALES,1,6020.0,3,2,9,No,1,3,4,0
E501301,45,Operations,1,6890.0,8,1,13,Yes,3,3,2,0
E501066,35,R&D,2,8440.0,11,2,2,No,3,1,3,0
E500861,27,R&D,1,5650.0,8,3,16,No,1,3,2,0
E501167,45,Sales,3,10380.0,4,4,6,No,3,1,5,0
E500112,45,Support,1,5750.0,3,2,7,Yes,2,3,5,0
E501042,59,OPERATIONS,2,8830.0,1,3,7,Yes,2,1,6,1
E501149,54,Sales,1,6830.0,8,5,4,No,3,4,2,0
E500551,47,Operations,2,8750.0,6,2,13,no,1,3,4,0
E500831,26,Support,1,5150.0,2,2,9,No,3,3,7,0
E500017,52,HR,1,4460.0,10,1,11,No,3,3,1,0
E500608,35,R&D,2,7610.0,3,3,5,Yes,4,2,6,0
E500304,49,Support,2,9190.0,1,0,20,Yes,3,4,3,0
E500883,58,R&D,2,7590.0,5,3,3,No,4,3,7,0
E500501,27,Operations,4,10110.0,8,1,21,No,2,3,5,0
E500469,46,R&D,2,7750.0,7,2,17,No,3,3,4,0
E501213,39,R&D,1,3380.0,3,1,9,No,3,3,7,0
E500052,53,Sales,1,6850.0,0,1,22,Yes,2,2,7,0
E501181,24,Support,2,5560.0,15,0,23,No,3,3,5,0
E500549,45,R&D,2,7370.0,3,5,20,No,3,4,7,0
E501275,41,Operations,3,9190.0,8,3,13,No,1,3,4,0
E500253,42,R&D,3,,5,0,9,Yes,2,4,3,0
E500992,37,Sales,5,12410.0,3,0,15,No,1,2,1,0
E500649,26,HR,2,5550.0,9,1,5,No,4,4,3,0
E501347,24,R&D,1,6000.0,7,3,3,No,4,1,1,0
E500004,50,R&D,2,7570.0,4,2,8,No,4,3,5,0
E501019,32,R&D,1,7350.0,4,2,8,No,2,4,5,0
E501207,43,Operations,2,5410.0,13,3,2,No,2,2,3,0
E501125,34,Sales,3,9270.0,13,1,11,No,3,4,1,0
E500976,38,HR,2,6710.0,10,0,10,No,1,2,4,1
E500274,36,Sales,2,7710.0,1,3,2,No,1,2,3,0
E501437,59,Sales,1,5840.0,16,5,7,No,4,2,3,0
E501169,37,Support,1,,1,2,5,Yes,2,4,5,0
E500896,39,Sales,2,6800.0,4,3,5,Yes,3,3,6,0
E500115,22,Sales,5,10520.0,3,4,13,No,2,4,7,0
E500704,29,Operations,2,7290.0,14,0,17,Yes,4,4,2,0
E501258,41,Support,2,7710.0,21,2,9,No,3,3,2,0
E500440,40,Support,2,7360.0,10,2,11,No,3,4,2,0
E500269,52,Operations,2,6560.0,5,1,4,No,3,3,1,0
E501436,45,R&D,3,9020.0,3,2,1,No,1,2,5,1
E500003,48,Operations,2,8530.0,10,2,2,No,4,4,1,0
E500243,36,Operations,4,9820.0,6,2,5,No,3,3,3,0
E500518,45,R&D,5,11670.0,4,0,8,Yes,4,3,6,0
E500792,54,HR,2,5890.0,4,3,15,No,1,4,7,1
E501394,37,Sales,1,5220.0,2,2,13,Yes,1,4,3,0
E500110,23,Support,1,5760.0,7,2,3,No,4,4,5,0
E500129,34,Operations,3,9150.0,5,1,7,No,1,2,1,0
E500116,29,Operations,5,11680.0,4,1,12,No,3,3,5,0
E501089,27,Operations,3,7980.0,2,2,4,no,4,4,3,0
E501308,28,Operations,3,8910.0,11,3,11,Yes,4,3,3,0
E500847,46,R&D,1,6600.0,6,2,11,No,1,2,1,0
E500800,34,Operations,3,9370.0,6,3,8,Yes,2,3,2,0
E500856,59,Sales,1,7090.0,9,3,5,Yes,2,4,5,0
E500290,58,Sales,5,12490.0,2,3,4,yes,1,3,6,1
E500691,23,R&D,1,5750.0,8,1,12,No,3,2,4,0
E500415,53,R&D,1,7240.0,7,2,21,Yes,3,3,7,1
E500296,57,OPERATIONS,3,11170.0,8,1,17,No,2,2,2,1
E501353,31,Sales,1,5040.0,2,2,13,No,3,3,3,1
E501284,59,R&D,2,8980.0,2,2,2,Yes,1,4,6,0
E501110,57,R&D,3,8540.0,6,1,6,No,3,4,7,0
E501253,41,Operations,1,6010.0,5,5,9,No,3,3,7,0
E500185,39,Support,1,4000.0,6,1,3,Yes,3,3,7,1
E500576,36,Sales,2,8260.0,11,4,7,Yes,3,1,1,1
E501227,58,Operations,1,6890.0,4,2,9,No,4,4,5,0
E501381,34,Sales,3,9620.0,9,4,5,No,2,3,4,0
E501117,40,R&D,2,6830.0,5,2,5,No,4,1,2,1
E501051,29,R&D,1,4610.0,12,2,18,Yes,3,1,4,1
E500577,32,Sales,2,6000.0,2,3,3,No,4,2,3,0
E500279,33,Sales,5,12320.0,2,5,17,No,3,1,5,1
E501219,29,R&D,2,8250.0,12,2,13,No,2,3,1,0
E501433,35,Sales,1,5810.0,6,2,36,Yes,3,3,6,0
E500028,34,Operations,1,,10,0,4,yes,3,2,4,0
E501321,57,Sales,4,13210.0,5,4,5,No,1,4,5,0
E500913,25,Sales,1,5090.0,1,3,16,No,2,4,5,0
E500698,41,R&D,1,4640.0,3,1,17,Yes,1,3,3,0
E500475,41,Support,2,7500.0,20,2,8,No,4,2,2,0
E500445,24,R&D,1,4040.0,7,0,1,No,1,4,3,0
E500226,46,Sales,5,12450.0,6,4,27,No,2,4,5,0
E500566,25,R&D,1,3500.0,2,1,5,No,2,4,4,0
E500372,57,Sales,2,7560.0,7,2,2,Yes,2,3,1,0
E500417,40,Sales,4,12370.0,4,3,1,No,3,4,3,0
E500893,59,Support,2,7320.0,3,5,14,no,1,4,2,1
E501014,48,R&D,1,5860.0,7,2,7,No,1,3,2,0
E501122,49,Operations,1,,6,2,6,No,4,3,6,0
E500024,52,Operations,2,,13,0,4,No,2,4,3,0
E500222,36,R&D,4,11470.0,8,2,11,No,3,2,6,0
E500293,48,Sales,1,5950.0,3,0,18,Yes,3,2,7,0
E501262,26,R&D,3,7680.0,9,0,13,No,3,2,2,0
E500926,40,R&D,2,8970.0,10,2,19,No,3,2,1,0
E500835,51,R&D,3,9000.0,5,4,7,Yes,3,3,3,0
E501357,43,Sales,2,5970.0,9,3,7,No,1,1,3,1
E500484,48,Sales,2,8460.0,7,2,4,No,4,2,7,0
E500774,31,Sales,2,8100.0,2,1,9,No,2,3,4,0
E500539,23,OPERATIONS,2,6020.0,16,3,9,No,2,1,5,0
E500316,24,Sales,3,9130.0,8,1,1,No,3,1,1,0
E500721,43,Support,3,9530.0,1,0,13,No,3,3,7,0
E500109,35,R&D,2,7470.0,2,1,12,No,1,3,2,0
E500070,28,R&D,2,6190.0,5,2,3,No,4,3,1,0
E500142,41,Support,1,6920.0,5,3,6,No,4,3,1,0
E500015,34,Sales,1,5760.0,3,1,18,Yes,2,4,7,0
E500660,34,R&D,2,7240.0,3,3,11,No,3,3,6,0
E500016,32,R&D,2,5670.0,1,0,5,Yes,3,3,4,0
E500995,57,Operations,1,,3,2,9,Yes,1,4,2,0
E500393,44,R&D,2,7760.0,4,1,13,No,3,2,2,0
E501020,54,R&D,4,10270.0,8,3,36,No,1,1,6,0
E500790,23,Sales,2,5690.0,5,0,15,No,3,1,2,0
E500886,40,Sales,2,7120.0,15,1,10,Yes,3,2,1,1
E500449,30,Sales,1,4000.0,7,2,4,No,2,3,6,1
E500331,39,R&D,2,7790.0,4,1,15,No,2,1,2,0
E501138,23,Support,1,4970.0,5,1,20,No,4,2,3,0
E500470,32,HR,1,,3,1,11,No,2,3,5,0
E501344,25,R&D,3,8380.0,8,4,14,No,2,3,3,0
E501285,34,R&D,2,7640.0,6,3,10,No,3,2,2,0
E500346,53,Sales,3,,4,4,12,No,2,2,4,0
E500968,49,R&D,3,9980.0,4,3,14,Yes,1,1,5,1
E500634,54,Sales,2,8070.0,6,2,4,No,2,4,5,0
E500591,55,Sales,5,14040.0,7,1,12,No,4,2,6,0
E500183,28,Sales,3,8700.0,5,0,5,No,3,4,5,0
E500957,58,R&D,3,9550.0,5,1,1,No,3,3,3,0
E500581,25,Sales,3,7810.0,7,4,8,No,3,2,1,0
E500044,41,R&D,1,7030.0,9,2,8,Yes,4,3,3,0
E500738,49,R&D,3,11080.0,4,1,12,Yes,3,2,3,0
E500134,42,R&D,2,5870.0,5,2,15,Yes,3,4,6,0
E500228,43,HR,2,,8,4,9,No,2,3,4,0
E500525,28,Support,2,5960.0,16,3,18,No,4,4,3,0
E500839,47,R&D,1,8360.0,2,5,5,No,2,3,6,0
E500217,29,Operations,3,7420.0,0,0,4,Yes,3,4,6,0
E500784,43,HR,2,8130.0,6,1,15,No,2,3,7,0
E500914,30,Sales,1,5650.0,5,2,13,Yes,3,3,1,0
E500060,26,R&D,1,4160.0,6,2,11,No,1,3,3,0
E501324,45,R&D,5,13420.0,1,2,5,No,1,3,3,0
E501406,32,HR,2,6610.0,14,3,11,no,1,3,5,0
E501147,52,R&D,3,9340.0,1,1,6,No,3,3,3,0
E501476,47,R&D,4,10580.0,5,3,7,No,1,3,5,0
E500620,38,Sales,4,8710.0,8,3,4,No,1,2,3,1
E500758,34,Sales,1,,7,5,6,No,1,3,5,0
E501130,27,R&D,5,12470.0,6,3,19,No,1,2,3,0
E501396,44,Sales,3,8600.0,9,2,12,No,2,1,6,0
E501140,37,OPERATIONS,4,11600.0,5,2,11,Yes,2,3,5,0
E501482,30,Operations,2,7520.0,1,2,15,No,4,3,4,0
E501481,57,HR,1,5150.0,4,1,8,No,3,3,6,0
E501411,24,R&D,2,6640.0,9,3,5,No,1,4,7,0
E500097,53,Operations,2,8330.0,5,4,12,No,3,2,6,0
E500894,30,Support,1,5910.0,2,5,9,No,3,2,3,0
E500192,31,R&D,3,8000.0,14,3,21,No,2,1,2,0
E500925,48,Support,2,7530.0,4,3,10,No,4,4,4,0
E500619,23,Support,1,6070.0,5,2,6,Yes,1,2,6,0
E500035,46,Sales,2,8610.0,7,2,5,Yes,4,3,4,0
E501266,29,HR,3,8650.0,8,2,13,No,2,2,3,0
E501008,22,R&D,2,7460.0,2,1,15,No,2,1,3,0
E500578,50,Support,3,8480.0,6,0,1,No,4,4,3,0
E500662,52,R&D,2,7180.0,5,2,14,No,3,3,4,0
E500666,24,R&D,1,5990.0,3,2,7,No,1,4,4,0
E500308,39,Sales,1,6300.0,1,0,19,Yes,1,4,2,1
E501156,41,Sales,4,10010.0,9,2,20,No,3,2,1,0
E500840,43,Support,2,7000.0,4,3,14,Yes,2,4,5,0
E501348,30,R&D,2,5960.0,6,0,6,No,4,3,2,0
E501309,43,Support,2,8650.0,15,1,10,Yes,3,3,4,0
E500517,29,R&D,1,4800.0,21,1,22,No,3,4,2,0
E500797,25,Support,2,8080.0,4,2,14,Yes,3,2,7,0
E500108,57,Operations,2,7970.0,5,1,8,No,3,3,1,0
E500000,52,Sales,2,7640.0,8,2,3,No,2,2,4,0
E501230,43,Support,3,9590.0,17,2,9,Yes,2,3,5,1
E501034,27,R&D,1,5590.0,14,1,24,No,1,1,4,1
E500661,29,Operations,1,4700.0,4,3,10,No,2,3,2,0
E501057,34,Support,2,7440.0,1,3,2,Yes,3,2,1,0
E501015,50,Sales,1,6910.0,1,1,6,no,2,2,4,0
E500418,58,HR,3,11320.0,11,2,17,No,2,1,3,0
E500511,54,R&D,2,7650.0,2,1,6,Yes,2,4,4,0
E501445,55,Sales,1,6080.0,5,2,18,No,1,2,7,0
E500486,22,Sales,4,10520.0,7,2,8,No,3,4,1,0
E501281,55,R&D,3,,21,2,10,No,4,1,4,0
E501327,40,R&D,1,6550.0,8,0,5,No,1,2,1,0
E500836,51,Support,1,6610.0,5,1,12,No,2,3,6,0
E500268,37,Operations,1,,14,1,5,No,1,3,5,0
E500114,47,Support,4,11630.0,2,1,6,Yes,3,2,5,0
E500834,47,R&D,2,8780.0,15,3,8,No,3,3,7,0
E500953,46,R&D,1,8190.0,8,4,5,no,3,1,4,0
E500654,47,R&D,2,9040.0,2,1,3,No,2,1,7,0
E500781,45,Sales,2,6360.0,2,3,13,No,2,3,3,0
E500727,30,Operations,3,7130.0,2,2,18,Yes,3,4,3,0
E501189,57,Support,5,13580.0,4,3,15,No,3,4,4,0
E500745,57,OPERATIONS,2,7310.0,1,2,7,No,3,1,6,0
E500606,22,R&D,1,3850.0,11,2,15,Yes,1,2,4,1
E500846,26,Support,1,5360.0,7,3,6,yes,2,4,1,1
E500014,30,Sales,1,4280.0,5,2,8,No,3,3,6,0
E500855,59,Sales,5,,1,2,13,yes,4,3,3,0
E501255,40,Operations,1,5180.0,3,1,12,No,2,4,1,0
E500094,59,Sales,3,8870.0,1,2,12,Yes,1,4,3,1
E500093,32,R&D,2,6770.0,1,1,3,No,4,3,5,0
E500631,30,OPERATIONS,2,4380.0,6,2,13,No,4,3,2,1
E500230,33,R&D,3,8500.0,6,2,13,No,2,2,4,0
E500699,45,Sales,2,7750.0,2,2,12,Yes,3,2,7,0
E501068,58,Support,1,5110.0,8,0,10,Yes,1,3,4,0
E501070,49,HR,5,12800.0,1,4,6,Yes,4,3,5,0
E500719,22,Sales,1,4930.0,7,1,13,No,4,3,1,0
E500380,23,R&D,3,8570.0,5,2,24,No,4,2,4,0
E500448,57,Support,1,7940.0,10,3,34,Yes,3,4,7,0
E500651,45,R&D,3,8680.0,15,1,2,No,1,4,5,0
E500414,29,R&D,1,4840.0,9,3,14,Yes,4,4,7,0
E500731,22,Sales,1,5100.0,4,0,3,Yes,2,3,3,1
E500868,44,R&D,2,6460.0,12,2,10,No,3,2,2,0
E500590,52,R&D,1,6700.0,7,0,7,No,2,4,2,0
E501203,50,SALES,1,5640.0,2,2,8,Yes,3,2,5,1
E500522,26,R&D,1,4720.0,8,0,9,No,1,2,7,1
E501270,25,HR,1,5390.0,4,3,10,yes,4,1,7,0
E501113,38,Operations,2,8050.0,2,0,10,Yes,1,1,7,0
E500196,46,Sales,1,7570.0,3,1,8,Yes,3,4,3,0
E500027,30,Operations,3,8770.0,2,3,4,Yes,3,2,3,0
E500986,23,Operations,1,5580.0,2,2,8,No,3,3,4,0
E501062,48,SALES,1,5070.0,9,3,11,Yes,3,2,7,1
E500507,31,Sales,4,10700.0,6,0,6,no,3,4,7,0
E500927,34,R&D,4,9520.0,3,1,16,No,3,3,1,0
E500902,33,Support,4,11810.0,6,2,24,No,3,3,6,0
E501417,57,R&D,2,8230.0,2,3,6,No,4,3,7,0
E500605,57,Operations,5,12970.0,4,1,7,No,3,2,5,0
E500163,44,Sales,4,10480.0,1,2,13,No,4,3,3,0
E501355,49,Sales,1,5800.0,6,1,1,No,2,1,1,0
E501108,49,Operations,1,7350.0,5,2,12,No,3,3,2,0
E501091,59,Operations,1,4490.0,2,3,7,No,4,3,4,0
E500817,24,R&D,3,10140.0,3,4,18,No,3,2,1,0
E501288,29,R&D,3,8620.0,12,2,9,Yes,1,1,3,0
E500337,52,Sales,4,11030.0,4,0,12,No,2,2,7,0
E500408,51,R&D,1,8580.0,4,2,5,Yes,3,3,1,0
E501434,41,Sales,3,8870.0,8,4,16,Yes,1,2,3,1
E501076,45,R&D,1,,2,1,6,No,3,2,2,0
E501249,54,Sales,5,13810.0,7,1,6,Yes,1,1,2,0
E501215,40,HR,1,3050.0,3,2,6,No,3,3,7,0
E500285,33,Operations,2,8640.0,9,2,5,No,3,1,5,0
E500374,36,R&D,1,4690.0,9,3,1,Yes,3,1,5,0
E501109,30,R&D,1,5490.0,5,1,17,No,4,3,3,0
E500524,34,Support,2,6810.0,1,2,16,No,3,3,1,0
E501441,35,R&D,5,13440.0,6,0,6,No,2,2,6,0
E500411,44,Sales,1,6720.0,9,2,4,Yes,3,2,2,0
E500234,33,Sales,1,5070.0,4,0,15,No,2,3,2,0
E500277,58,R&D,3,10690.0,6,2,12,Yes,2,2,6,0
E500019,47,R&D,2,9260.0,10,1,6,No,4,1,3,0
E500066,29,Sales,4,9190.0,5,3,5,No,3,1,1,0
E500032,45,HR,1,3850.0,6,4,5,No,2,4,6,0
E500981,42,R&D,4,10740.0,2,3,2,No,4,3,7,0
E500364,45,Sales,1,6420.0,1,1,18,no,4,4,6,0
E500917,39,Sales,5,11010.0,4,1,6,Yes,2,4,5,0
E500618,43,Support,2,,12,4,3,No,3,3,1,0
E500311,39,Operations,4,12060.0,4,0,20,Yes,4,2,4,0
E500404,56,Sales,3,9610.0,8,1,6,No,4,4,7,0
E500761,26,R&D,1,5180.0,8,4,3,No,3,3,2,1
E501247,27,Operations,2,6890.0,1,3,20,No,3,2,7,0
E500988,35,Sales,2,7540.0,9,3,5,No,2,4,4,0
E500090,36,R&D,3,8580.0,8,1,9,No,4,4,2,0
E500231,30,R&D,3,8940.0,1,1,12,Yes,4,2,2,0
E500287,43,HR,2,8050.0,6,5,6,Yes,3,1,1,1
E500970,54,Operations,4,11310.0,3,2,9,Yes,2,1,5,0
E500635,38,Sales,3,10160.0,5,2,14,Yes,4,4,4,0
E501231,28,Support,3,8230.0,5,3,3,No,2,3,1,0
E500762,33,Operations,2,7220.0,5,2,3,No,3,3,5,0
E500798,37,Support,5,12140.0,3,4,26,Yes,3,4,4,0
E501224,26,Operations,3,8450.0,1,2,7,No,3,3,7,0
E501064,29,Sales,3,8510.0,4,6,36,No,3,3,5,0
E500667,30,R&D,3,10310.0,9,3,16,No,3,2,4,0
E500639,52,Support,3,9800.0,2,2,6,no,2,4,3,0
E501487,42,HR,4,11420.0,7,3,1,No,2,3,3,0
E500707,43,HR,2,7380.0,10,2,1,No,3,2,3,0
E501111,55,R&D,3,,18,2,6,No,3,1,7,1
E501228,34,Support,4,10180.0,7,3,6,No,3,3,6,0
E501276,59,Sales,1,7060.0,7,4,14,Yes,3,1,6,1
E501211,32,Sales,4,10630.0,7,3,2,No,3,3,7,0
E500458,52,R&D,3,9860.0,1,3,8,No,2,4,7,0
E500871,54,Sales,5,13120.0,5,2,17,No,3,3,7,0
E500350,48,R&D,4,10650.0,4,1,16,Yes,3,4,4,0
E500384,48,Support,1,7050.0,6,3,12,no,4,2,6,0
E501103,58,Operations,1,7800.0,1,1,3,No,3,1,1,0
E500830,38,R&D,1,6410.0,0,0,5,No,4,2,6,0
E500668,25,HR,4,10680.0,7,1,9,No,2,1,5,1
E501094,43,SUPPORT,2,6870.0,9,0,4,Yes,3,3,4,0
E500482,53,Sales,1,6870.0,5,3,11,No,2,4,4,1
E500119,29,Sales,3,7490.0,8,1,5,No,2,4,1,0
E500613,43,Sales,3,9060.0,4,1,22,No,2,3,4,0
E501358,37,Operations,2,7290.0,11,2,23,No,4,1,2,0
E500186,44,Operations,4,11710.0,7,2,4,no,2,4,4,1
E500063,56,Operations,1,6280.0,3,3,9,Yes,3,2,6,1
E500069,47,Sales,1,5070.0,6,3,20,No,3,2,5,0
E500819,36,Support,2,6800.0,5,2,27,No,2,2,6,0
E501429,55,Sales,5,12320.0,6,1,4,Yes,1,3,2,0
E500048,40,Operations,1,5490.0,4,2,2,Yes,3,3,2,0
E500392,33,R&D,1,6430.0,4,2,14,No,2,3,2,0
E501201,45,R&D,1,6090.0,11,1,22,Yes,1,3,6,0
E500682,44,Sales,3,10220.0,4,3,19,No,2,1,3,0
E501289,56,HR,2,7150.0,5,2,12,No,1,2,3,0
E501159,58,Operations,2,6560.0,6,2,31,Yes,2,3,4,0
E501388,53,R&D,3,9640.0,2,3,9,No,1,2,4,0
E500220,22,Operations,2,,3,2,8,No,4,3,5,0
E500938,24,R&D,2,5820.0,3,2,10,Yes,4,3,6,1
E500910,31,Sales,2,,9,2,23,No,3,2,6,0
E500181,50,Sales,4,12250.0,2,4,21,Yes,4,3,2,0
E500165,59,R&D,1,5560.0,7,0,14,No,3,4,6,1
E500474,52,R&D,3,9120.0,2,1,2,Yes,2,4,2,1
E500602,55,Sales,3,7580.0,1,1,35,No,3,2,7,1
E500080,44,OPERATIONS,3,8290.0,15,1,23,No,4,3,1,0
E501313,39,Operations,2,7130.0,1,2,18,No,2,3,5,0
E500832,53,Sales,1,5520.0,15,2,11,No,2,3,5,0
E501200,41,Sales,2,6980.0,6,2,15,no,3,4,2,0
E500611,31,R&D,2,7470.0,5,3,10,yes,4,3,2,0
E500760,59,HR,4,11500.0,5,1,1,No,2,4,6,0
E501229,37,Sales,2,7690.0,12,2,5,No,1,3,1,1
E500113,59,Support,2,8370.0,7,4,11,No,3,2,1,0
E501161,56,Sales,2,7620.0,1,1,4,No,2,3,1,1
E500785,41,R&D,3,10920.0,5,1,4,No,3,3,2,0
E501143,24,HR,1,,1,3,2,No,2,2,2,1
E501061,29,HR,2,8020.0,6,2,5,No,2,3,3,0
E500460,47,Sales,4,,9,2,23,No,3,4,4,0
E500664,26,Operations,1,7270.0,7,5,2,No,4,3,6,0
E501486,38,R&D,1,7440.0,2,1,3,Yes,2,4,2,0
E501440,51,R&D,4,9380.0,1,0,5,No,1,4,4,0
E500341,37,Sales,2,6600.0,6,3,36,No,3,2,6,0
E500161,27,R&D,2,6500.0,4,1,23,Yes,4,1,7,0
E501092,53,Support,3,8870.0,9,1,7,No,2,3,5,0
E500818,40,R&D,2,7660.0,5,2,2,no,3,4,6,0
E500425,36,Sales,5,11440.0,5,3,2,Yes,3,2,3,1
E501425,31,R&D,2,4690.0,6,3,10,Yes,2,2,6,1
E500454,46,R&D,3,8530.0,4,2,16,yes,1,1,7,1
E500198,57,Support,5,13920.0,3,1,17,No,2,3,4,0
E500541,39,Operations,2,8180.0,11,2,3,No,3,3,2,0
E500647,59,R&D,3,10830.0,5,0,8,No,2,4,5,0
E500514,52,Sales,1,6080.0,7,5,10,No,3,4,6,0
E500204,43,Operations,1,3850.0,5,4,5,No,2,3,2,0
E501054,26,Operations,2,6590.0,1,1,18,No,4,3,4,0
E501390,39,Operations,1,5020.0,5,1,5,Yes,2,3,6,0
E500720,53,Sales,4,10930.0,9,3,4,yes,3,4,5,0
E501007,58,HR,2,8340.0,2,2,22,Yes,3,2,1,0
E500610,37,Sales,1,7070.0,1,2,10,No,3,3,2,0
E500538,53,R&D,3,10840.0,6,1,3,Yes,4,4,3,0
E500106,46,R&D,1,5810.0,6,2,5,No,2,3,1,0
E500973,55,R&D,3,11630.0,13,2,7,No,4,3,6,0
E500978,27,Support,2,6920.0,2,1,7,no,1,4,2,0
E500171,34,R&D,4,10080.0,2,2,7,No,3,2,5,0
E500233,58,Support,1,6220.0,3,0,5,No,2,3,7,0
E500098,26,Operations,2,6540.0,5,3,3,No,3,4,6,0
E500216,59,Sales,3,,5,5,7,No,1,4,1,1
E500670,49,R&D,2,8400.0,4,1,6,No,2,4,5,0
E501239,25,Support,1,5560.0,3,1,7,No,2,2,3,0
E500937,58,Support,1,5800.0,4,2,1,No,2,2,2,0
E500010,37,Sales,3,8660.0,2,0,6,No,1,2,2,0
E500395,25,Sales,1,5480.0,5,1,8,Yes,3,3,3,0
E501292,43,Sales,1,,3,3,3,No,1,3,1,0
E501126,57,Support,1,5950.0,1,4,7,Yes,2,4,1,0
E500997,44,Sales,3,9690.0,2,2,13,No,1,3,1,0
E500826,45,R&D,3,,18,1,2,Yes,2,3,1,1
E500139,53,HR,1,7960.0,9,4,25,No,1,2,3,1
E500733,54,Support,2,8720.0,11,3,20,Yes,4,2,6,0
E500298,38,Sales,3,8320.0,1,1,13,Yes,1,4,5,0
E500437,28,Sales,1,4760.0,8,1,7,Yes,4,2,1,0
E500882,23,R&D,3,7410.0,3,1,19,No,4,4,3,0
E500505,22,R&D,5,10620.0,3,0,3,No,1,3,2,0
E501450,30,Operations,3,8950.0,6,1,5,No,3,3,6,0
E500188,39,Sales,3,8660.0,10,3,10,No,4,3,1,0
E500916,26,Operations,3,9290.0,7,1,22,Yes,2,1,4,1
E500082,42,Support,3,10080.0,7,0,6,No,1,4,3,0
E501077,49,Sales,1,6800.0,1,3,6,no,4,1,7,0
E500087,59,HR,1,7110.0,4,1,11,No,1,3,7,0
E500388,27,Sales,4,9670.0,5,5,14,No,1,2,1,1
E501456,31,Sales,1,4030.0,11,2,5,No,3,4,2,0
E500648,36,Operations,4,11010.0,20,1,8,No,2,3,4,0
E501373,23,Sales,1,6640.0,3,1,3,Yes,3,3,3,1
E500859,32,Sales,5,12160.0,9,2,14,No,1,3,4,0
E500140,50,Operations,1,,3,2,8,No,2,3,7,0
E500708,46,Support,2,,1,0,8,No,2,3,6,0
E501303,51,Support,4,11180.0,8,1,3,No,3,3,6,0
E500776,36,Operations,4,11120.0,1,0,27,Yes,3,4,2,0
E500753,38,Sales,3,9340.0,6,2,20,No,2,3,3,1
E500716,49,Operations,1,,4,0,7,Yes,2,2,3,1
E501186,58,Operations,1,7180.0,2,3,9,No,1,3,1,1
E500624,58,R&D,3,,7,0,13,No,3,4,5,0
E500283,46,Sales,2,8450.0,6,1,4,Yes,2,4,1,0
E501032,36,Sales,3,8750.0,1,1,9,no,4,1,6,0
E500780,45,Support,2,7710.0,2,2,6,No,1,3,5,0
E500604,59,Operations,1,6490.0,2,5,5,No,3,4,6,0
E500275,53,Sales,1,4550.0,2,2,12,Yes,3,3,2,0
E501310,22,Operations,4,8370.0,6,2,7,No,3,3,1,0
E500749,55,HR,4,10850.0,1,1,7,Yes,3,1,7,1
E500297,33,R&D,1,5030.0,6,1,19,No,2,1,5,0
E500258,25,Operations,4,8360.0,12,3,2,No,4,2,3,0
E500559,54,R&D,2,8510.0,4,2,8,No,2,3,7,0
E501142,38,Sales,1,7010.0,8,1,6,No,4,4,7,0
E501298,43,Sales,1,,6,0,19,No,3,3,6,0
E500980,32,Sales,4,8950.0,3,0,6,No,3,4,1,0
E501374,48,Operations,2,8340.0,11,3,14,No,3,2,5,0
E500857,36,Sales,1,5570.0,6,2,13,Yes,2,3,2,0
E500924,34,R&D,4,10850.0,6,1,26,No,4,3,1,0
E500587,58,Sales,1,8110.0,3,4,2,No,2,1,1,0
E500219,49,R&D,1,7080.0,5,2,9,No,1,4,5,1
E500363,26,HR,3,7420.0,6,2,6,No,4,3,1,0
E500292,46,R&D,1,5730.0,1,4,4,No,3,1,2,0
E500898,48,R&D,2,9740.0,4,1,3,No,4,2,4,0
E500018,58,Sales,1,6980.0,3,4,9,No,3,1,4,0
E501175,45,HR,1,5130.0,13,2,13,Yes,3,4,7,0
E500081,24,R&D,1,4500.0,3,1,29,No,4,3,5,0
E500903,25,Operations,1,5610.0,4,2,29,No,3,3,4,1
E500357,22,HR,1,4910.0,3,0,4,No,3,3,4,0
E500863,52,Sales,2,8360.0,5,5,21,No,2,1,1,0
E500034,23,Sales,1,4870.0,3,4,3,No,2,3,4,0
E501095,29,Operations,1,4810.0,2,1,16,No,2,2,4,0
E501457,25,Support,2,6370.0,10,1,12,No,3,3,1,0
E501354,43,R&D,2,6740.0,4,0,21,Yes,3,4,3,0
E500617,33,Sales,3,8090.0,14,0,4,No,3,2,2,0
E501492,35,Sales,1,3470.0,8,4,7,No,2,3,2,0
E500370,47,R&D,1,5850.0,6,0,15,No,1,1,3,0
E500841,28,R&D,4,11190.0,10,3,14,Yes,1,4,7,1
E500562,56,R&D,2,9110.0,3,1,3,No,1,3,1,0
E500254,25,R&D,4,9370.0,0,1,6,No,2,1,6,0
E500563,57,Sales,1,5460.0,6,2,11,No,3,1,6,0
E500702,45,Sales,1,6500.0,5,4,8,No,2,3,5,0
E500224,30,Sales,4,11360.0,4,3,6,Yes,1,3,1,1
E500138,39,HR,5,12360.0,4,0,18,No,1,3,2,0
E500825,26,R&D,1,5410.0,9,3,4,Yes,3,4,7,0
E500928,49,HR,2,8310.0,6,3,29,Yes,3,4,6,0
E500764,59,Operations,1,6700.0,4,2,8,Yes,1,1,1,0
E501490,34,Support,2,7320.0,9,1,9,yes,3,4,3,0
E501345,23,HR,1,4040.0,9,1,3,No,1,4,7,0
E500723,54,Sales,4,10900.0,1,0,5,Yes,3,4,7,0
E500889,36,R&D,3,9530.0,5,1,17,No,3,4,1,0
E500452,30,Operations,1,4950.0,1,0,10,No,2,3,3,0
E500849,40,R&D,2,7680.0,3,0,15,No,4,4,5,0
E500191,23,Sales,4,10560.0,5,5,20,Yes,2,3,7,0
E501099,25,HR,1,5000.0,8,2,9,No,2,3,6,0
E500335,52,R&D,3,9940.0,5,1,2,no,3,2,1,1
E500347,42,Sales,1,5450.0,2,8,8,Yes,1,2,7,1
E500251,55,Sales,2,7330.0,6,0,19,Yes,1,3,5,0
E500510,51,Support,1,6450.0,7,0,2,No,4,2,1,0
E500206,37,Sales,1,4390.0,17,3,12,No,4,2,1,1
E500099,41,Operations,2,8000.0,1,3,9,No,2,3,1,0
E500450,57,Operations,1,6600.0,2,2,9,No,1,1,2,1
E500644,34,R&D,3,7700.0,4,6,4,Yes,3,4,4,0
E501399,42,R&D,1,5770.0,10,1,4,No,3,4,5,0
E500796,27,Operations,1,,17,5,4,No,2,2,2,0
E500626,55,Sales,2,10630.0,5,2,16,No,3,3,2,0
E501387,31,Sales,2,6550.0,1,0,14,No,3,2,2,0
E500572,27,Sales,1,4490.0,2,1,14,Yes,3,1,3,0
E501009,31,R&D,1,3450.0,3,2,18,Yes,3,3,3,0
E500423,36,Operations,2,6610.0,2,0,5,No,3,4,4,0
E500737,57,R&D,4,10970.0,7,1,13,No,2,3,7,0
E501170,51,Operations,2,7740.0,7,1,2,Yes,3,2,1,0
E500302,49,R&D,1,6380.0,4,3,3,No,3,3,1,0
E500878,30,R&D,2,6930.0,1,3,18,Yes,4,4,4,0
E500570,57,R&D,1,6640.0,1,2,6,No,1,2,5,0
E501319,47,R&D,2,7280.0,3,2,4,No,2,2,2,0
E500314,34,Support,4,10490.0,3,1,9,yes,3,3,6,0
E501164,33,Sales,3,10660.0,3,3,7,No,1,2,7,1
E500497,59,R&D,2,9000.0,9,2,16,No,3,2,2,0
E500340,35,Sales,4,9880.0,14,2,9,Yes,2,1,7,1
E500677,48,Support,1,8380.0,4,1,15,No,4,3,3,0
E500747,45,R&D,3,7910.0,4,1,12,No,2,3,6,0
E501299,53,Sales,2,6600.0,1,2,28,No,2,1,3,0
E500318,48,Support,5,12620.0,18,1,13,Yes,1,2,2,0
E500965,46,R&D,2,7820.0,4,3,10,no,3,3,3,0
E501439,38,R&D,4,9230.0,2,0,8,No,2,3,2,0
E500858,38,R&D,1,5510.0,8,3,2,No,1,3,6,0
E501001,26,Sales,1,4570.0,2,0,7,no,3,2,7,0
E501404,49,Operations,2,6130.0,2,2,9,Yes,4,3,2,0
E500076,56,Sales,5,12760.0,3,1,4,No,4,3,2,0
E501444,56,Operations,2,9490.0,4,1,4,No,4,1,5,0
E500021,52,R&D,2,8340.0,5,1,9,Yes,3,2,4,1
E500950,42,Sales,5,11670.0,3,4,6,No,1,3,7,1
E500636,43,Support,1,5540.0,1,2,3,No,1,4,4,0
E501416,32,Sales,3,8350.0,7,3,9,No,4,3,5,0
E500077,50,Sales,1,,5,1,16,Yes,1,3,1,0
E500265,29,Support,3,,5,0,13,Yes,2,3,1,1
E500051,53,Sales,4,11540.0,4,0,1,Yes,2,1,5,0
E501392,22,Sales,1,4370.0,3,1,3,No,2,4,6,0
E500845,38,R&D,1,5480.0,7,2,9,no,3,2,5,0
E500954,49,R&D,1,7170.0,17,1,1,Yes,1,3,6,0
E500793,39,Sales,5,12220.0,18,1,9,No,4,3,1,0
E500676,47,Support,2,7790.0,7,2,11,No,3,2,2,0
E500264,32,Support,1,4440.0,2,3,4,No,2,3,6,0
E500199,22,Operations,2,5790.0,2,3,3,No,2,3,3,0
E500361,44,R&D,1,6620.0,3,2,2,No,2,1,3,0
E500959,25,Operations,3,9200.0,5,3,4,Yes,3,3,6,0
E500294,22,R&D,1,5010.0,6,2,8,No,2,3,5,0
E500754,41,R&D,2,6280.0,10,1,2,Yes,1,3,5,1
E501488,27,Sales,2,7030.0,11,0,4,No,1,3,4,1
E500550,58,HR,3,9480.0,6,1,10,No,1,3,7,0
E501318,30,Operations,2,7470.0,5,0,7,No,4,3,2,0
E500363,26,HR,3,7420.0,6,2,6,No,4,3,1,0
E500210,23,R&D,3,7830.0,11,2,7,Yes,3,1,6,0
E500908,51,R&D,2,8840.0,4,4,11,No,4,3,6,0
E501082,57,R&D,1,7220.0,5,1,5,No,1,4,4,0
E500065,38,Sales,3,9300.0,6,3,2,No,3,1,3,0
E500862,52,Sales,2,8440.0,17,2,15,No,3,2,7,0
E500904,28,Sales,5,11900.0,7,2,7,Yes,1,4,6,0
E501408,43,R&D,3,9460.0,10,5,6,No,1,2,6,1
E500323,22,Operations,1,5390.0,0,4,7,no,4,3,2,0
E501031,59,HR,1,6440.0,1,0,6,Yes,3,3,6,1
E500983,52,R&D,2,8370.0,3,0,9,No,3,3,2,0
E501419,56,Sales,2,7640.0,8,2,5,No,4,3,2,0
E500640,40,Support,4,9730.0,8,2,24,No,3,4,5,0
E501483,50,R&D,1,6100.0,15,2,11,Yes,2,1,5,0
E500246,36,Sales,1,6910.0,15,1,14,No,4,1,3,0
E500506,36,R&D,1,6890.0,7,1,33,Yes,2,3,5,0
E500232,41,Support,1,4980.0,3,0,19,No,2,2,4,0
E501446,40,R&D,2,5630.0,11,0,6,Yes,4,4,7,0
E500740,58,OPERATIONS,3,9970.0,1,2,16,No,4,3,3,0
E500329,37,R&D,1,4520.0,5,2,3,No,2,3,6,0
E500162,32,Support,5,12560.0,5,1,7,No,3,3,4,0
E500125,45,Sales,4,10100.0,7,3,11,No,3,2,2,0
E500838,29,R&D,2,7370.0,10,2,10,Yes,1,4,7,0
E501171,22,R&D,1,6900.0,5,1,13,No,1,4,6,0
E501466,44,Operations,3,8820.0,3,1,11,Yes,3,3,7,0
E500260,53,Support,1,6230.0,2,3,12,No,3,4,2,0
E500685,56,Sales,1,5670.0,9,2,4,No,1,1,2,0
E501368,43,R&D,2,6180.0,13,1,35,Yes,3,4,4,0
E500585,43,R&D,4,10130.0,9,3,3,Yes,1,3,5,0
E500391,34,R&D,2,7770.0,13,3,11,No,1,3,2,0
E500892,34,Sales,3,9960.0,4,1,13,No,3,1,6,0
E501043,53,Operations,2,7140.0,4,2,8,No,4,4,1,0
E500614,26,Sales,5,11820.0,5,0,14,No,4,3,1,0
E500810,23,R&D,1,4340.0,8,2,8,No,1,3,5,1
E500359,31,Operations,1,5840.0,6,1,10,No,3,3,1,0
E500803,24,R&D,3,8250.0,3,0,5,yes,3,2,3,0
E500680,25,Support,4,9580.0,12,3,7,Yes,3,3,7,0
E500136,37,Operations,2,7380.0,5,2,6,No,4,4,1,0
E501412,39,Sales,3,7780.0,24,0,14,No,3,2,1,0
E500809,34,Sales,3,8190.0,5,4,7,No,1,1,3,0
E500456,42,Operations,5,11300.0,3,2,2,No,4,3,7,0
E500261,47,Operations,1,6690.0,4,0,11,No,1,1,4,1
E500111,51,R&D,1,6390.0,2,0,12,No,4,3,2,0
E500483,39,Sales,1,5040.0,3,1,6,Yes,2,2,6,1
E501499,42,R&D,2,8580.0,1,1,12,Yes,2,2,5,0
E500822,52,R&D,2,8060.0,4,2,26,No,1,3,7,0
E500669,39,Support,3,8440.0,8,1,1,No,3,3,2,0
E500659,32,Support,4,11510.0,1,1,6,No,4,4,1,0
E500718,34,Operations,4,11280.0,3,3,10,No,2,2,2,0
E500160,38,Operations,2,6730.0,2,0,7,no,1,4,6,0
E500777,39,HR,1,5380.0,4,2,12,No,4,2,5,0
E500071,49,OPERATIONS,2,5660.0,5,1,3,No,3,4,3,0
E500419,47,R&D,1,5700.0,6,2,10,No,2,3,5,1
E500945,45,HR,4,11370.0,4,2,4,No,3,3,1,0
E501166,40,Sales,1,5430.0,1,4,27,No,4,3,1,0
E500471,42,R&D,3,8550.0,3,1,17,No,2,3,1,0
E500478,38,Operations,1,3370.0,5,2,25,No,3,3,6,0
E500322,45,R&D,1,7030.0,3,3,7,No,3,3,2,0
E500556,47,HR,3,,4,0,12,Yes,4,1,3,0
E500985,38,Sales,2,7270.0,5,2,20,No,3,4,2,0
E500095,51,Sales,4,10390.0,3,2,9,Yes,2,2,2,0
E501398,58,Operations,2,7980.0,3,5,13,No,2,4,6,0
E501245,51,R&D,2,7310.0,6,4,23,No,1,3,6,1
E501045,55,R&D,3,9900.0,3,4,8,No,1,4,4,0
E501464,57,HR,1,7350.0,7,3,8,No,2,4,7,0
E500431,54,Operations,3,9900.0,11,1,10,Yes,2,2,5,0
E501426,48,OPERATIONS,3,8540.0,1,0,7,No,3,3,7,0
E500390,31,R&D,1,4500.0,11,0,22,No,3,3,2,0
E500270,32,Sales,2,8370.0,3,3,10,No,3,3,7,1
E500439,58,Sales,3,9980.0,0,1,8,No,2,1,7,0
E501134,43,R&D,3,10700.0,3,5,10,Yes,3,2,4,1
E500869,45,Operations,2,7880.0,14,1,3,Yes,3,4,4,0
E501361,49,R&D,1,5920.0,4,1,6,no,3,4,4,0
E500799,37,Operations,4,10020.0,5,1,5,No,2,4,6,0
E500875,37,HR,2,7160.0,17,1,14,No,3,3,2,0
E501005,48,R&D,1,6130.0,4,1,27,No,2,4,6,0
E500464,48,R&D,5,13330.0,7,0,5,No,3,1,2,0
E500990,46,Sales,2,9700.0,2,3,25,Yes,3,2,4,0
E501240,30,R&D,3,9500.0,1,1,31,No,3,3,6,0
E501343,48,R&D,1,6290.0,7,6,4,No,4,4,7,0
E500101,35,Operations,1,5890.0,4,1,11,Yes,2,3,5,1
E500127,36,Operations,2,7510.0,2,4,2,No,3,4,6,1
E501209,30,Sales,4,11030.0,9,2,6,Yes,4,3,4,0
E501409,36,R&D,3,9570.0,2,2,2,No,2,4,1,0
E501116,30,R&D,2,7310.0,5,4,6,No,2,3,7,0
E501027,25,R&D,1,3700.0,1,4,7,No,3,1,2,0
E500655,47,Support,3,12060.0,12,0,5,No,3,2,5,0
E500646,55,Operations,2,7240.0,5,2,16,No,1,2,6,0
E501131,47,Sales,1,5280.0,6,1,8,No,2,3,3,0
E500156,45,R&D,4,10030.0,15,1,9,No,3,2,6,1
E500273,36,Sales,1,6170.0,2,4,7,No,4,2,4,0
E501148,27,R&D,2,6840.0,1,4,8,No,2,3,2,0
E501208,52,HR,1,6760.0,8,1,3,No,4,2,7,0
E500795,50,Operations,4,10980.0,7,2,8,No,1,3,2,0
E500900,24,R&D,1,5020.0,2,1,1,No,3,1,3,1
E500172,34,Sales,2,6710.0,1,0,8,No,3,2,3,0
E500725,47,R&D,1,6530.0,1,1,11,No,1,3,1,0
E501242,57,Support,1,7630.0,5,2,16,yes,1,3,3,0
E500465,25,Support,3,8600.0,2,2,2,No,3,3,6,0
E500360,33,R&D,2,6460.0,9,4,18,no,1,4,4,0
E501069,24,Operations,1,5040.0,7,1,8,No,4,3,4,1
E501010,36,Sales,1,,3,0,4,No,4,3,2,0
E501454,54,Support,3,10690.0,4,2,3,Yes,4,1,6,0
E500145,45,R&D,3,9810.0,8,4,17,No,4,4,5,0
E500949,32,HR,4,11010.0,5,2,9,Yes,2,2,4,0
E500155,59,R&D,4,10590.0,3,4,15,No,2,2,6,0
E501362,43,Support,5,11590.0,0,1,14,Yes,4,4,6,0
E501129,51,R&D,3,8070.0,5,3,11,No,1,3,2,0
E500952,35,R&D,3,8500.0,6,1,4,no,2,3,7,0
E501036,41,Operations,1,4600.0,9,3,12,No,3,3,5,0
E500773,58,Sales,1,6190.0,1,3,4,Yes,2,3,6,0
E500371,27,Sales,4,9930.0,6,1,16,No,3,3,3,0
E501323,32,Sales,3,9110.0,4,1,7,No,3,4,1,0
E500056,36,R&D,3,10640.0,3,0,5,No,3,3,6,0
E501473,43,R&D,2,7360.0,18,2,16,Yes,4,3,6,0
E501168,42,Sales,3,9220.0,6,0,20,No,4,1,7,0
E500256,28,Operations,3,9080.0,18,2,4,No,2,2,1,0
E500037,36,Operations,2,8180.0,6,2,15,Yes,2,2,3,0
E501300,47,Sales,1,5680.0,2,0,17,No,4,3,2,0
E500413,55,R&D,1,8020.0,7,2,21,No,4,3,4,0
E500488,55,HR,3,9590.0,2,2,29,No,4,3,5,0
E501326,47,Operations,1,7010.0,5,2,20,No,1,1,5,0
E501118,28,Operations,3,9330.0,6,3,2,No,4,3,6,0
E500157,37,Sales,5,11170.0,11,3,11,yes,4,1,1,0
E500407,55,Operations,2,8990.0,2,1,3,No,3,4,4,0
E501026,30,HR,1,5100.0,5,2,11,No,4,4,6,0
E501158,22,Sales,2,6590.0,12,0,4,Yes,1,4,5,0
E501384,57,R&D,5,13540.0,4,3,3,no,4,1,3,0
E500787,37,R&D,2,7800.0,1,2,9,Yes,1,3,5,1
E501283,41,R&D,2,7340.0,3,1,17,Yes,2,4,5,0
E500179,34,Sales,2,6730.0,10,3,1,No,4,1,2,0
E500416,27,Operations,2,7410.0,1,1,32,No,3,1,4,0
E500632,38,Sales,5,13020.0,9,5,18,No,3,4,1,0
E500715,52,Sales,1,6730.0,0,2,14,No,4,2,1,0
E501017,41,Support,1,7790.0,1,1,11,No,3,4,5,0
E500939,42,R&D,1,5650.0,3,3,9,No,3,2,3,0
E500313,45,Sales,2,6450.0,4,4,3,No,3,2,5,0
E501053,43,Operations,3,8380.0,3,4,12,Yes,3,1,5,1
E500612,43,R&D,1,4940.0,21,0,27,No,2,4,7,0
E501075,35,Sales,4,8370.0,5,0,16,No,3,2,3,0
E501422,56,Support,2,8080.0,15,1,11,Yes,2,4,5,0
E500091,55,R&D,1,6590.0,9,1,4,No,3,4,3,0
E501498,56,Sales,2,9420.0,9,4,12,No,4,2,6,0
E501141,54,R&D,1,6930.0,7,0,9,Yes,4,2,3,1
E500325,51,Operations,1,5750.0,0,5,5,Yes,3,2,5,0
E500208,44,R&D,4,,6,0,24,No,1,3,1,0
E501226,51,R&D,3,9690.0,4,4,12,No,1,4,1,0
E501243,55,Operations,2,6830.0,4,2,2,No,3,3,6,0
E500569,52,R&D,1,5930.0,8,4,6,Yes,4,3,7,1
E500045,59,R&D,4,11140.0,17,2,11,No,2,3,7,0
E500348,36,Operations,1,4750.0,3,2,19,Yes,4,2,5,0
E500821,45,R&D,1,5330.0,7,2,8,Yes,3,1,5,1
E500235,44,Operations,2,7010.0,7,0,8,No,3,4,3,0
E501083,55,R&D,2,8220.0,20,2,11,No,4,4,3,0
E500593,47,R&D,1,5400.0,8,0,14,No,4,1,1,0
E500663,58,Operations,3,9590.0,5,0,21,No,3,3,2,0
E501004,46,Operations,1,6310.0,4,2,16,Yes,3,1,7,0
E500588,47,HR,2,7810.0,8,3,4,No,2,2,3,0
E500043,37,Sales,3,8420.0,2,3,6,yes,2,2,3,1
E500671,26,R&D,2,5420.0,2,2,22,No,1,4,2,0
E500330,24,Sales,2,5440.0,2,1,9,No,2,3,4,0
E500237,41,R&D,3,8240.0,8,2,2,No,3,3,6,1
E500309,58,Sales,1,6400.0,4,1,4,Yes,3,2,7,0
E501173,27,Sales,3,8150.0,3,2,1,Yes,3,3,5,0
E501328,22,Sales,2,5210.0,4,1,18,No,2,2,7,1
E500504,23,Support,2,7550.0,4,2,8,No,3,3,2,0
E501236,30,Sales,2,6330.0,2,1,4,No,2,3,6,0
E500150,55,Support,4,,1,0,5,Yes,3,3,5,0
E500312,51,SALES,1,5510.0,13,3,3,No,1,2,5,0
E500923,42,R&D,4,10390.0,12,4,6,Yes,1,3,6,0
E501179,44,Sales,3,7770.0,6,1,3,No,1,4,3,0
E500967,54,R&D,1,5580.0,1,6,8,Yes,4,4,3,0
E501297,27,Sales,4,9980.0,10,1,12,Yes,4,3,6,1
E501232,53,Operations,2,,1,2,20,No,1,3,3,0
E501185,25,HR,1,,2,0,5,No,3,3,6,0
E501459,39,HR,3,8940.0,12,0,4,No,3,4,5,0
E500545,23,HR,1,4700.0,7,3,10,No,3,4,7,0
E501071,22,R&D,2,6760.0,13,2,11,No,2,2,2,1
E500580,47,Sales,5,12220.0,6,0,6,Yes,3,3,3,1
E500006,33,Support,4,9670.0,1,2,12,No,1,3,6,0
E501370,36,Sales,1,6890.0,1,1,24,No,1,3,6,1
E501023,56,Support,1,7250.0,1,3,6,No,4,4,5,0
E500652,57,Operations,2,7860.0,10,0,12,No,3,2,1,0
E500948,51,Sales,1,6120.0,9,4,17,No,1,2,2,0
E500397,53,R&D,1,7410.0,10,2,7,No,3,4,3,0
E500907,45,R&D,1,5390.0,2,3,6,No,2,3,2,0
E501405,56,R&D,4,10450.0,14,0,4,No,2,4,1,0
E500509,33,Support,3,7730.0,21,1,6,No,4,4,1,0
E500571,54,R&D,1,4160.0,4,2,23,No,3,4,6,0
E501132,59,R&D,2,7500.0,5,2,6,Yes,3,4,6,0
E500851,53,Operations,4,11330.0,3,2,4,No,3,1,4,0
E501421,32,Operations,3,9360.0,13,1,16,Yes,4,4,7,0
E500461,24,R&D,1,5110.0,2,4,2,No,4,3,6,0
E500885,23,Sales,2,6280.0,5,1,12,No,1,1,5,0
E501376,46,Support,1,5420.0,3,2,14,No,3,3,6,0
E500711,24,R&D,1,5770.0,11,2,8,Yes,2,3,7,1
E501086,31,SUPPORT,2,7250.0,2,2,2,Yes,1,3,5,0
E500767,23,Operations,2,6680.0,4,1,6,No,4,3,7,0
E500513,30,R&D,2,7650.0,4,1,12,No,1,3,3,1
E500867,47,Operations,1,6680.0,6,2,7,No,2,2,4,0
E500775,24,Support,2,5980.0,7,1,2,Yes,3,1,7,1
E501402,40,HR,2,8280.0,10,0,12,No,2,2,2,0
E501044,56,Sales,1,8550.0,6,3,1,No,4,4,1,0
E500068,52,Operations,3,10350.0,10,1,10,No,3,2,4,0
E500540,57,Support,1,6520.0,5,1,12,No,3,2,1,0
E500874,28,Support,1,3580.0,6,3,16,No,2,1,7,0
E500468,22,Sales,3,8430.0,8,3,21,No,2,2,6,0
E500336,39,HR,3,8940.0,3,2,5,Yes,1,3,4,1
E500807,47,Operations,5,14150.0,7,0,11,No,3,3,3,0
E500714,54,R&D,1,6030.0,4,2,16,No,4,3,3,0
E501410,30,Sales,4,9800.0,7,0,11,No,3,3,4,0
E501420,51,Operations,3,11800.0,5,1,2,No,1,2,6,0
E500771,57,R&D,2,,16,2,2,No,2,3,1,0
E500436,53,R&D,1,8080.0,4,0,5,Yes,1,3,2,1
E501101,58,R&D,1,6850.0,4,2,5,No,1,3,3,1
E500609,48,OPERATIONS,1,5790.0,17,0,3,No,4,3,2,0
E500008,29,Sales,2,7820.0,9,3,7,Yes,3,4,7,0
E500367,37,R&D,5,13730.0,11,1,11,No,2,4,6,0
E500257,36,R&D,2,8010.0,6,2,5,Yes,3,3,4,0
E500379,33,Sales,2,7940.0,2,1,15,Yes,3,2,7,0
E500362,36,Operations,1,5870.0,22,7,12,Yes,3,3,2,0
E501341,38,Sales,2,7330.0,5,2,11,Yes,4,4,7,0
E500804,57,Operations,3,10180.0,10,1,2,No,3,3,3,0
E501449,22,HR,4,9700.0,1,3,7,Yes,2,3,6,0
E500899,51,R&D,4,11660.0,7,7,2,No,2,3,7,0
E500282,48,Sales,5,14050.0,7,4,3,No,3,3,3,0
E501221,41,R&D,3,8060.0,4,6,7,No,3,3,3,0
E500221,45,Sales,2,7060.0,2,1,15,No,2,2,7,1
E501471,23,Sales,1,5930.0,8,0,7,No,4,4,3,0
E500092,28,R&D,2,6820.0,4,1,26,No,2,3,4,0
E500752,38,R&D,1,4790.0,10,1,16,No,2,3,1,0
E501212,58,R&D,3,8980.0,17,1,8,Yes,3,4,6,0
E500164,41,Sales,3,7310.0,7,4,6,No,1,2,1,0
E500508,59,Sales,2,9290.0,1,3,7,No,1,3,2,0
E501121,27,Support,4,10440.0,8,0,10,No,2,4,4,0
E500118,58,R&D,3,8690.0,12,3,21,No,3,4,6,0
E500317,34,R&D,1,5480.0,20,3,4,Yes,3,2,5,0
E500069,47,Sales,1,5070.0,6,3,20,No,3,2,5,0
E501124,32,Support,2,6000.0,11,4,7,No,2,3,5,1
E500029,33,Sales,1,3950.0,7,1,7,No,2,2,6,1
E500444,32,R&D,2,5900.0,11,1,3,Yes,2,3,3,0
E500040,50,R&D,3,9000.0,1,2,13,No,3,1,3,0
E501472,38,R&D,2,7160.0,2,2,7,No,4,3,6,0
E501380,57,R&D,1,6500.0,4,2,17,Yes,2,3,1,1
E500333,52,R&D,4,10870.0,1,3,8,No,1,3,4,1
E500144,26,R&D,4,8050.0,5,3,3,No,3,1,4,0
E500289,57,Operations,4,11360.0,6,2,4,No,2,2,7,0
E500055,58,R&D,1,6410.0,17,4,16,No,3,2,2,0
E500756,25,Sales,2,7710.0,18,5,17,No,3,3,3,0
E500182,59,Sales,3,9780.0,3,2,8,No,1,4,3,0
E500880,34,Operations,3,8050.0,5,0,8,No,1,1,6,0
E500813,54,R&D,3,11000.0,4,2,5,No,3,3,6,0
E501225,54,Support,3,8120.0,4,5,23,No,4,1,2,0
E501235,43,Sales,1,4610.0,2,1,17,No,4,3,4,0
E500319,58,Operations,1,5890.0,10,2,4,No,2,4,2,0
E501282,31,Support,2,5530.0,12,0,4,Yes,2,4,3,0
E500288,35,HR,5,,9,2,13,No,1,3,6,0
E501436,45,R&D,3,9020.0,3,2,1,No,1,2,5,1
E500477,24,Operations,4,10320.0,10,4,9,Yes,4,4,6,0
E501180,59,Operations,1,5210.0,6,5,7,No,2,2,1,0
E501477,27,Sales,2,7300.0,2,0,14,No,1,3,1,0
E500241,25,R&D,1,5490.0,2,1,7,No,3,2,3,0
E501114,58,Operations,2,8420.0,1,3,15,Yes,3,3,6,0
E501150,54,Support,1,6400.0,12,2,24,Yes,4,3,3,0
E500426,44,Operations,1,4690.0,4,2,12,No,3,4,1,0
E500633,24,Sales,5,10150.0,8,2,13,Yes,4,3,4,0
E500105,52,Sales,3,8680.0,7,2,3,Yes,3,2,5,0
E500463,34,Sales,3,8390.0,1,2,28,no,1,3,3,0
E501155,36,R&D,1,6220.0,10,2,6,No,2,4,5,0
E500002,33,R&D,2,6550.0,4,2,5,Yes,4,4,6,0
E501261,49,Support,1,5350.0,2,5,10,Yes,3,1,4,1
E501244,42,Sales,5,13210.0,12,1,11,No,4,3,1,0
E500573,59,SUPPORT,4,10810.0,5,5,14,yes,3,2,3,0
E500583,23,Operations,2,,14,0,12,no,2,4,5,1
E500410,54,R&D,2,7030.0,11,2,13,No,2,2,3,0
E500218,34,R&D,5,12980.0,8,1,1,No,3,1,6,0
E500227,45,Operations,2,7720.0,6,3,15,Yes,1,3,4,0
E501192,44,Sales,3,,5,4,32,Yes,3,4,2,1
E500548,50,R&D,2,7290.0,4,2,5,No,3,4,5,0
E500683,50,Sales,2,7860.0,7,2,9,no,3,3,2,0
E501346,38,R&D,3,9390.0,9,2,13,Yes,4,3,2,0
E501128,22,HR,1,4590.0,5,1,6,Yes,4,1,3,0
E500688,43,HR,3,9440.0,5,4,4,No,3,4,6,0
E500193,44,R&D,1,5570.0,11,2,5,No,3,2,6,0
E501193,50,R&D,3,8680.0,3,1,5,No,3,4,2,0
E500356,22,Sales,1,4160.0,4,1,25,No,1,2,5,0
E501100,57,Sales,1,7840.0,2,2,13,no,1,1,3,0
E501330,38,Sales,4,10390.0,7,2,10,No,4,3,5,0
E500039,52,R&D,3,7820.0,7,3,9,No,4,2,4,0
E500579,50,Operations,3,10930.0,2,1,1,No,2,4,4,0
E501063,30,R&D,3,6650.0,5,5,9,No,2,4,4,0
E501039,23,R&D,1,4610.0,4,3,10,No,3,3,7,0
E501011,49,Support,2,8720.0,5,1,9,yes,4,1,7,0
E501372,28,HR,2,7600.0,4,0,13,No,2,3,5,0
E500062,53,Operations,1,,12,1,2,No,3,2,2,1
E501033,34,Support,5,10910.0,5,0,12,Yes,4,4,1,0
E500852,52,R&D,2,7600.0,7,1,6,Yes,1,3,6,1
E500351,32,R&D,2,8450.0,5,1,3,No,2,3,3,0
E501423,46,Sales,3,9000.0,3,1,2,No,3,3,1,0
E501182,46,Operations,4,11240.0,2,1,4,Yes,3,2,1,0
E501098,22,Sales,1,4230.0,12,1,11,No,1,3,3,0
E500553,23,R&D,3,9160.0,4,1,6,No,1,2,1,1
E501367,51,Operations,1,6320.0,6,3,10,Yes,2,2,6,1
E500013,24,Sales,1,4860.0,13,1,3,No,1,2,1,0
E501276,59,Sales,1,7060.0,7,4,14,Yes,3,1,6,1
E501165,36,Operations,1,5410.0,14,1,2,Yes,4,3,3,1
E501290,57,Sales,1,6590.0,19,2,17,No,2,4,4,0
E500622,43,Support,3,9410.0,3,1,13,No,1,1,2,1
E500430,34,HR,3,7810.0,12,2,3,No,3,4,7,0
E501495,49,HR,2,9100.0,7,2,18,No,3,3,4,0
E500687,49,HR,1,5960.0,1,3,2,Yes,3,3,5,1
E500705,37,Support,2,7390.0,3,1,6,No,4,4,1,0
E500209,24,Operations,1,4660.0,2,1,25,No,4,3,1,0
E501220,25,SALES,1,6600.0,4,4,11,Yes,3,3,4,0
E500837,47,HR,1,,9,3,7,Yes,1,4,1,1
E501196,26,Operations,1,6200.0,3,2,9,no,1,3,7,1
E501234,44,R&D,1,6440.0,9,4,12,No,2,3,2,0
E500375,40,Sales,1,5650.0,2,0,23,No,4,3,3,0
E500710,57,Sales,3,9690.0,10,1,21,No,3,3,6,0
E501332,47,HR,3,10180.0,4,0,24,No,1,4,4,0
E500921,27,Sales,2,6360.0,8,0,4,Yes,3,3,5,0
E500263,53,R&D,4,10730.0,4,2,10,No,1,3,5,1
E500741,34,Sales,2,7190.0,5,0,4,No,3,3,1,1
E500673,52,R&D,4,11250.0,5,3,2,No,2,1,7,0
E500238,57,Sales,2,8510.0,10,1,9,Yes,3,4,5,0
E500998,49,Operations,1,8130.0,6,2,10,no,2,4,1,0
E500689,57,R&D,4,10770.0,9,1,4,No,1,1,3,0
E500476,23,R&D,1,,8,3,27,No,1,4,7,0
E501087,46,Operations,2,7630.0,5,0,16,No,2,2,2,0
E500994,25,R&D,1,4520.0,6,5,6,Yes,3,3,1,0
E501475,45,OPERATIONS,5,,7,5,12,No,2,3,5,0
E500594,56,R&D,2,8710.0,7,2,7,Yes,3,3,7,1
E501467,46,R&D,3,9110.0,5,2,9,No,2,2,3,0
E501379,38,R&D,1,5090.0,2,1,7,No,4,4,2,0
E500806,50,R&D,1,5680.0,1,1,14,Yes,2,4,3,0
E500542,28,Operations,4,10490.0,2,4,10,Yes,1,4,1,0
E501273,52,Operations,1,6200.0,8,1,19,No,2,2,5,1
E501468,50,Operations,2,7980.0,11,0,11,No,1,1,7,0
E500088,35,Sales,1,5820.0,6,3,2,Yes,2,3,4,0
E501080,24,Sales,1,4570.0,3,2,23,No,4,2,3,0
E500007,59,Sales,2,7360.0,3,5,3,No,3,4,7,0
E500744,46,Sales,4,,4,3,26,No,3,3,5,0
E500252,43,R&D,4,10210.0,2,1,4,No,2,4,1,0
E500814,35,Operations,3,9470.0,6,1,10,No,2,3,7,0
E500674,55,Sales,1,7020.0,2,4,18,No,4,2,2,1
E501174,45,R&D,4,10960.0,8,1,16,Yes,4,3,6,0
E500403,28,Operations,4,10120.0,11,1,18,Yes,3,3,4,1
E500421,32,Operations,2,7190.0,8,2,17,No,3,4,5,0
E501291,38,Sales,2,5840.0,1,3,10,No,4,3,6,0
E500920,52,Operations,2,8540.0,2,6,14,No,3,3,7,0
E501152,44,Operations,2,6870.0,8,2,2,Yes,3,4,4,0
E500739,39,Sales,2,6950.0,12,2,6,Yes,3,3,4,0
E500352,34,R&D,3,7600.0,3,2,9,No,2,1,4,1
E501178,29,R&D,1,5470.0,6,0,7,No,3,3,2,0
E500485,48,Operations,5,14420.0,1,1,2,Yes,4,4,1,0
E501369,27,Operations,2,5760.0,3,0,16,No,3,3,2,0
E500455,33,R&D,1,5140.0,4,3,8,No,3,4,4,0
E501350,28,Operations,2,9040.0,4,1,12,No,1,3,3,0
E500746,49,Sales,3,10440.0,7,2,17,No,4,1,7,1
E500888,33,R&D,4,10680.0,7,1,13,no,3,4,5,0
E500386,30,Operations,1,4380.0,3,3,6,No,2,2,1,1
E500498,34,Sales,2,6920.0,11,1,11,No,3,3,4,0
E501393,37,Operations,2,7050.0,3,3,24,No,4,4,1,1
E501139,45,R&D,1,6090.0,9,2,2,Yes,4,3,4,0
E501474,31,R&D,2,6980.0,1,0,10,Yes,4,3,1,0
E501194,38,Operations,1,5380.0,7,2,40,No,1,3,7,0
E500012,47,R&D,4,11220.0,4,3,5,Yes,4,3,6,0
E500223,49,HR,3,9270.0,12,2,21,No,4,3,1,0
E500823,47,R&D,3,9600.0,3,2,5,Yes,4,3,1,0
E500353,45,Sales,3,10030.0,2,1,6,no,2,4,1,0
E500865,34,HR,1,5870.0,13,2,13,No,3,1,2,0
E500187,25,Operations,2,6450.0,5,1,1,Yes,1,3,6,0
E501314,22,Support,2,5890.0,2,4,17,No,1,2,2,0
E500911,54,R&D,1,5590.0,6,4,20,Yes,2,3,3,0
E501458,27,Operations,1,5870.0,5,2,3,No,3,2,1,0
E500382,59,Sales,2,9010.0,1,4,5,Yes,2,4,1,1
E500951,42,Operations,1,5160.0,2,1,9,Yes,3,1,3,0
E500860,45,R&D,1,6610.0,5,1,3,Yes,4,4,7,0
E500020,28,Support,1,4570.0,4,3,15,No,2,4,7,0
E501058,25,R&D,1,5280.0,9,4,9,No,4,1,1,0
E501223,58,Sales,1,5370.0,9,0,10,No,2,3,4,0
E500151,35,Operations,3,9750.0,2,2,7,No,4,3,1,0
E500236,49,Operations,1,6430.0,4,2,11,No,2,2,6,0
E501438,58,R&D,2,9620.0,13,0,4,No,3,3,1,0
E500247,30,Operations,5,11660.0,4,3,12,No,3,3,2,0
E500789,32,Support,3,8990.0,15,2,12,No,4,2,7,0
E501059,31,R&D,3,9580.0,2,1,4,No,2,4,7,0
E500096,41,Operations,1,4920.0,7,1,22,No,4,1,4,0
E500041,39,R&D,1,,2,1,7,Yes,3,4,7,0
E500848,33,Sales,1,5340.0,4,5,15,No,2,3,3,1
E501342,56,Operations,1,6770.0,6,2,8,Yes,4,3,4,0
E500628,34,HR,2,,8,1,22,No,4,3,7,0
E501222,29,Operations,3,8230.0,8,1,4,No,1,3,3,0
E500735,35,HR,2,6370.0,7,2,8,Yes,2,1,3,1
E501431,50,HR,2,6670.0,5,6,10,No,3,1,7,0
E501418,23,R&D,3,9410.0,8,2,20,No,2,3,6,0
E501040,38,Operations,3,10100.0,1,3,2,No,2,2,1,0
E501210,41,Sales,3,10120.0,23,2,10,No,3,1,2,0
E500490,53,HR,3,10430.0,6,3,21,No,4,3,6,0
E501378,35,R&D,1,,3,2,3,No,3,3,2,0
E501137,35,Operations,2,6600.0,1,0,15,No,4,2,5,0
E500358,39,Support,4,12210.0,9,3,7,Yes,4,3,7,0
E501383,46,Operations,2,6050.0,3,2,10,No,2,3,2,0
E500462,40,Sales,1,3880.0,6,4,3,no,4,3,2,0
E500148,43,Sales,3,7040.0,1,2,4,No,4,3,3,0
E500310,40,R&D,2,8270.0,15,1,9,No,1,2,3,0
E500703,25,Support,3,8240.0,6,5,6,Yes,2,4,2,0
E500931,22,Operations,2,6490.0,7,2,18,No,3,3,7,0
E500679,38,Sales,1,5040.0,20,2,6,No,2,1,3,0
E500343,26,R&D,2,6320.0,7,0,22,No,2,2,6,0
E500197,52,R&D,1,5610.0,2,0,3,No,3,3,3,1
E500936,33,Sales,3,7940.0,4,4,4,No,2,3,4,0
E500345,54,Sales,3,9800.0,4,2,3,No,2,3,2,0
E500073,35,Support,2,6540.0,6,2,3,Yes,2,2,4,1
E501469,37,R&D,2,8350.0,4,0,8,No,4,3,5,0
E500453,31,Support,1,5460.0,1,6,4,Yes,3,3,7,0
E501278,41,Operations,2,7060.0,1,0,5,No,1,3,2,0
E501349,31,Operations,3,6030.0,1,1,8,Yes,1,3,5,1
E500974,46,Support,1,4330.0,5,4,20,Yes,4,2,2,0
E500428,38,R&D,2,5910.0,4,1,4,No,1,3,1,0
E500383,50,Operations,1,6190.0,12,1,22,No,3,3,3,0
E501145,35,Operations,2,6370.0,3,0,3,No,2,3,7,0
E500307,53,HR,5,13600.0,2,4,2,Yes,4,3,6,0
E500447,24,Support,3,6370.0,1,2,3,Yes,2,3,2,0
E501460,30,Operations,4,11230.0,5,2,13,No,3,4,2,0
E500396,51,Operations,2,7310.0,7,0,6,No,3,1,7,0
E500072,34,Sales,3,8140.0,4,1,7,Yes,1,4,7,0
E501359,59,Sales,4,,1,0,20,No,3,2,6,0
E500584,38,Operations,2,5990.0,8,3,8,No,3,1,6,0
E501012,49,Sales,1,6610.0,15,3,12,No,2,3,5,0
E500438,47,Support,3,10490.0,7,1,4,No,4,2,1,0
E500079,38,Operations,3,8340.0,1,0,15,No,2,3,7,0
E500301,56,Operations,3,10450.0,6,4,5,No,3,1,4,0
E500255,33,Support,5,14420.0,2,3,5,No,2,4,5,0
E500342,51,Support,2,7110.0,8,2,5,Yes,3,2,7,0
E501037,25,Operations,4,9960.0,4,2,9,No,1,2,2,1
E501035,37,Sales,3,9550.0,5,1,22,No,3,3,6,0
E501415,22,R&D,3,6860.0,4,1,13,No,4,4,6,0
E500061,51,Support,1,7570.0,7,1,8,Yes,3,3,3,0
E500815,32,R&D,2,7630.0,5,3,4,No,3,1,3,0
E500706,48,Support,1,6180.0,7,5,4,No,2,2,7,0
E500120,52,HR,3,10130.0,12,0,4,No,2,2,7,0
E500399,28,R&D,4,9620.0,1,6,8,No,3,2,2,0
E500121,52,Sales,3,9100.0,12,2,2,Yes,4,2,6,0
E500054,40,SALES,2,7690.0,12,1,2,No,3,3,2,0
E500930,33,HR,2,7710.0,8,1,15,No,2,2,5,0
E500492,54,Sales,3,9540.0,5,3,9,No,2,4,7,0
E500657,50,Support,2,7480.0,1,0,11,Yes,1,3,5,1
E500180,45,Operations,5,13790.0,2,4,4,Yes,4,4,4,0
E500805,43,HR,3,,18,1,3,No,2,1,6,1
E501329,26,HR,2,7880.0,9,8,4,No,4,4,7,0
E501265,44,SALES,2,7350.0,4,3,2,No,1,1,2,0
E501246,23,Operations,1,4020.0,6,5,7,Yes,3,4,5,0
E500169,28,Sales,5,11780.0,1,1,9,no,2,2,6,0
E501271,45,R&D,2,7000.0,17,4,8,No,2,4,2,0
E500053,41,HR,2,7050.0,1,0,18,No,3,4,3,0
E500529,55,Sales,4,13790.0,8,3,8,No,1,2,5,0
E500586,37,Operations,3,9620.0,2,1,3,Yes,2,1,6,0
E500824,45,R&D,2,7040.0,2,2,3,No,2,3,3,0
E500131,35,R&D,2,6850.0,2,3,4,No,2,3,6,0
E500494,45,R&D,5,13210.0,14,2,2,Yes,1,3,1,0
E501190,27,R&D,1,4850.0,8,2,7,No,2,2,4,0
E500154,54,Sales,2,7800.0,0,1,15,Yes,2,3,3,0
E501046,39,Support,3,8580.0,5,3,13,No,2,2,4,1
E501049,56,Operations,2,9460.0,9,1,3,No,2,1,3,0
E500036,45,Operations,1,6820.0,15,0,5,No,4,3,4,0
E501484,45,Sales,2,8300.0,6,1,14,No,3,2,4,0
E500211,29,R&D,4,,8,1,17,No,4,2,1,0
E501435,33,R&D,1,5040.0,10,0,4,No,4,1,1,0
E500427,40,R&D,2,7200.0,3,3,6,Yes,3,2,5,1
E501317,49,HR,3,,5,3,7,No,3,2,7,0
E500100,50,Operations,2,7420.0,4,2,3,No,3,3,3,0
E501407,22,Operations,3,,2,3,2,No,2,1,2,1
E500601,27,R&D,4,12200.0,4,1,1,Yes,2,3,3,0
E500905,38,Sales,2,7690.0,5,1,2,No,3,1,7,0
E500736,54,Sales,2,9870.0,6,2,5,No,3,4,1,0
E501146,27,Sales,1,6820.0,4,0,9,Yes,3,2,2,0
E501260,43,Operations,1,6290.0,3,0,23,No,3,1,4,0
E500906,56,Operations,2,7510.0,8,1,10,No,2,4,6,0
E501257,36,Operations,1,3180.0,6,2,2,Yes,4,4,5,1
E501198,43,R&D,1,5310.0,5,2,9,no,3,3,7,0
E500779,47,R&D,1,5560.0,7,2,26,No,4,4,2,0
E500778,25,Operations,5,10340.0,3,2,8,Yes,3,4,2,0
E500368,36,HR,5,12010.0,2,4,1,No,1,2,4,1
E500996,44,Support,1,6200.0,5,7,15,no,3,1,2,0
E501259,41,Support,2,8290.0,20,3,7,No,2,4,2,0
E501254,25,R&D,4,9870.0,16,3,19,No,3,2,6,0
E500531,57,Sales,2,8010.0,9,1,7,No,4,3,2,0
E500042,36,Operations,1,5290.0,5,4,5,Yes,2,1,6,0
E501106,25,Support,2,6680.0,7,4,13,No,3,4,1,0
E500757,59,R&D,1,7320.0,4,2,10,Yes,4,3,3,0
E501074,57,Sales,2,7550.0,6,0,7,No,4,3,2,0
E501078,34,Sales,2,6580.0,4,2,20,No,1,2,2,0
E500791,44,Operations,5,13750.0,13,3,11,no,4,3,5,0
E501133,42,Operations,5,,7,1,8,No,2,3,1,0
E500126,43,Operations,1,7090.0,7,5,2,No,2,4,7,0
E500766,29,Sales,1,4200.0,2,4,5,No,4,4,7,0
E500124,22,Sales,4,11680.0,9,3,25,no,1,3,5,1
E500205,37,Sales,1,5870.0,2,1,11,No,4,3,3,0
E500324,45,HR,2,,1,0,28,Yes,3,2,4,0
E500719,22,Sales,1,4930.0,7,1,13,No,4,3,1,0
E500376,54,R&D,1,4610.0,16,0,7,No,2,3,1,0
E500355,34,Sales,1,4110.0,4,2,6,Yes,4,2,2,0
E500086,24,Operations,4,11190.0,3,0,17,No,1,3,7,0
E501172,52,Operations,1,7500.0,13,4,6,Yes,4,3,6,0
E500558,50,R&D,1,5210.0,4,3,1,No,1,4,5,0
E500057,57,R&D,3,8710.0,13,3,12,No,3,2,6,0
E501430,45,HR,3,10630.0,4,7,20,Yes,4,4,6,0
E501084,26,OPERATIONS,2,6810.0,4,1,12,Yes,2,2,7,0
E500675,23,Sales,4,9270.0,4,3,5,Yes,4,4,1,0
E501072,44,OPERATIONS,3,10240.0,5,2,8,Yes,2,3,1,0
E500009,51,HR,5,12350.0,10,1,13,Yes,2,3,1,0
E501263,32,R&D,3,9790.0,10,2,2,No,2,2,6,0
E500555,33,Support,3,7450.0,4,0,23,No,3,3,4,0
E500158,43,R&D,5,13910.0,8,2,6,Yes,4,1,5,1
E501079,29,Operations,1,6510.0,5,2,9,No,3,3,1,0
E500984,57,Support,1,5640.0,6,2,12,No,1,1,3,1
E500574,56,R&D,2,8150.0,4,0,3,No,1,4,6,0
E500730,56,Sales,3,8750.0,16,0,6,Yes,2,3,6,0
E501107,53,R&D,1,5720.0,3,2,1,Yes,3,4,1,0
E501104,29,Sales,2,6710.0,2,3,9,Yes,4,3,6,0
E500743,53,HR,3,9150.0,7,1,13,No,2,1,2,0
E501177,22,R&D,2,9640.0,6,7,16,No,3,3,1,0
E500941,22,Support,3,7830.0,8,4,16,No,2,3,2,0
E501302,38,Sales,3,9090.0,1,2,5,No,2,3,1,0
E501360,23,HR,5,12540.0,3,0,5,No,1,1,4,0
E500897,48,Operations,2,8140.0,5,0,9,Yes,2,3,2,0
E500629,49,R&D,1,,2,0,5,No,4,4,6,0
E500535,53,R&D,1,6600.0,11,1,10,Yes,3,3,7,1
E501452,55,Sales,4,11650.0,3,2,7,No,3,2,3,0
E500406,55,Sales,1,6520.0,9,1,15,No,2,2,3,1
E501287,44,R&D,2,,9,0,7,No,3,4,2,0
E500568,54,Sales,3,10370.0,4,4,9,No,3,1,3,0
E501331,48,R&D,2,8270.0,16,2,2,Yes,4,2,5,1
E500526,31,Operations,1,5920.0,5,0,16,No,2,1,4,0
E500582,22,HR,3,8240.0,6,4,10,No,3,1,2,0
E501065,35,Sales,1,5260.0,4,1,1,No,2,2,6,0
E501047,24,R&D,2,7190.0,5,2,14,No,4,3,2,0
E500678,24,R&D,2,7350.0,10,2,11,Yes,2,3,5,1
E500684,39,Operations,4,11570.0,3,3,5,Yes,2,3,5,0
E500820,40,Sales,4,10890.0,10,3,40,no,2,4,4,0
E500872,45,Sales,1,6210.0,10,3,8,No,4,3,4,0
E501056,54,Support,3,10050.0,2,3,4,No,4,2,7,0
E500811,30,R&D,2,,9,0,5,No,2,2,6,1
E500245,48,HR,1,7800.0,2,1,8,No,2,2,1,0
E501218,57,HR,1,7600.0,6,1,8,No,3,3,1,0
E500543,58,Support,3,10980.0,10,3,5,yes,2,3,6,0
E501088,44,Support,1,5570.0,1,4,1,no,3,2,2,0
E501366,39,Operations,2,8140.0,7,2,8,No,3,4,1,0
E500769,36,R&D,1,5980.0,6,4,26,Yes,4,3,7,0
E500567,58,Support,3,9320.0,4,3,8,Yes,3,2,5,1
E500537,38,Sales,4,10920.0,4,1,3,Yes,3,4,6,0
E501432,43,Operations,3,9790.0,18,2,13,No,1,3,2,0
E500794,49,R&D,4,12680.0,2,2,10,no,2,1,3,0
E500554,24,Operations,2,7220.0,3,5,23,No,3,3,2,0
E500146,46,R&D,2,9170.0,4,1,1,No,4,2,5,1
E500991,59,Operations,3,8310.0,5,0,7,No,1,3,4,0
E500782,28,R&D,2,8200.0,9,0,6,Yes,4,2,2,0
E501029,54,Sales,1,7610.0,7,3,19,Yes,3,1,1,0
E500641,31,Sales,1,5020.0,3,3,2,No,1,4,3,0
E500940,47,Operations,2,7150.0,2,1,11,Yes,2,2,1,0
E500598,26,Support,2,8290.0,2,3,2,No,1,1,7,1
E501119,28,R&D,2,8750.0,3,2,8,No,3,2,2,0
E501041,49,Support,5,12680.0,8,1,2,No,3,1,5,0
E501060,42,HR,1,4980.0,1,2,10,No,2,3,2,0
E500130,57,Support,2,7630.0,6,1,9,No,4,3,2,0
E500650,58,R&D,3,11740.0,2,6,2,No,4,3,5,0
E500732,26,Sales,3,7900.0,3,2,10,No,3,3,3,0
E500143,57,Sales,1,5820.0,7,4,11,No,2,3,2,1
E500128,28,R&D,1,5440.0,10,4,6,No,3,2,6,0
E501127,24,Support,5,11170.0,2,2,3,No,3,3,3,1
E500599,59,Sales,1,5860.0,1,0,3,No,1,4,6,0
E500495,42,Sales,2,7170.0,2,3,2,Yes,4,4,1,0
E500607,54,R&D,2,6480.0,5,2,21,No,2,3,3,0
E501316,27,R&D,1,5170.0,6,2,7,No,4,2,5,0
E500552,36,Sales,4,9780.0,15,1,7,Yes,2,3,3,0
E501002,27,Operations,3,7930.0,3,0,5,yes,2,4,1,0
E500303,41,Operations,3,10160.0,8,1,7,Yes,2,2,4,0
E500516,51,R&D,2,7760.0,2,3,14,No,2,4,7,0
E501447,27,Sales,3,,11,1,9,No,3,3,7,0
E500853,30,R&D,3,9250.0,15,2,37,Yes,2,2,4,0
E500434,47,Support,4,11960.0,10,1,5,Yes,2,3,7,0
E501006,59,Operations,4,10620.0,8,3,4,Yes,3,4,7,0
E500961,30,Sales,1,6140.0,7,2,10,No,3,2,5,0
E500943,50,R&D,1,6360.0,10,1,9,No,2,4,5,0
E501335,25,Sales,2,6820.0,2,1,11,No,2,3,2,0
E500354,51,Support,2,8610.0,9,1,4,yes,2,3,2,0
E500213,55,R&D,5,11090.0,10,1,12,No,4,1,7,0
E500212,59,Operations,1,7890.0,13,1,7,Yes,3,4,2,0
E501052,46,HR,2,7830.0,9,1,23,No,4,3,5,0
E501205,51,Sales,2,8150.0,9,2,14,No,3,2,2,0
E501048,41,Operations,3,9010.0,7,2,11,No,3,3,1,0
E500398,51,R&D,3,9090.0,7,2,1,Yes,1,4,1,0
E500064,39,Support,1,7310.0,3,1,14,Yes,3,4,1,0
E501391,27,HR,1,3930.0,10,2,10,no,3,3,2,0
E500349,57,R&D,2,9290.0,5,2,15,No,2,1,7,0
E500038,56,R&D,4,12750.0,9,3,4,No,1,1,4,0
E500534,45,R&D,2,9830.0,7,2,10,Yes,2,3,1,1
E501030,40,Sales,1,5040.0,2,0,3,Yes,4,3,5,0
E500401,53,SUPPORT,2,7850.0,2,2,24,No,1,3,4,0
E500424,33,R&D,1,5060.0,10,3,1,No,2,1,1,1
E500972,40,Support,2,8780.0,7,2,8,No,3,3,4,0
E500713,55,Operations,5,12360.0,9,4,3,No,4,1,7,0
E500184,51,R&D,5,12530.0,12,1,18,Yes,2,2,1,1
E500225,28,Sales,2,6310.0,2,2,5,No,2,2,2,1
E500203,56,Operations,2,7610.0,1,6,19,yes,2,2,6,1
E500175,27,R&D,3,8590.0,2,4,16,No,3,2,5,0
E501199,22,R&D,3,8750.0,6,1,10,No,3,3,6,0
E500935,25,R&D,2,6850.0,14,0,3,No,2,3,2,0
E500977,34,Support,3,8910.0,7,4,4,No,2,4,4,0
E501377,48,R&D,3,9360.0,7,1,12,No,4,3,5,0
E500532,57,R&D,1,7850.0,7,3,8,Yes,1,3,4,1
E500123,38,HR,3,10100.0,3,3,21,No,1,4,3,0
E500987,30,Operations,2,8460.0,4,1,6,Yes,3,4,1,0
E500989,50,HR,3,10290.0,2,0,13,No,3,4,7,0
E500394,32,SALES,1,5690.0,3,1,6,No,3,2,3,0
E500422,48,Sales,1,6320.0,9,1,20,No,1,1,4,0
E500141,50,Operations,5,13020.0,8,3,22,yes,4,2,1,0
E501312,52,Support,1,6080.0,13,1,29,No,4,4,1,0
E500527,49,Operations,2,8410.0,1,1,12,No,2,3,5,0
E501403,51,R&D,5,11810.0,5,0,4,Yes,3,3,2,1
E501252,34,HR,4,10450.0,6,1,19,Yes,2,3,4,0
E501356,35,SUPPORT,5,12420.0,8,2,7,Yes,1,4,7,0
E500272,31,Operations,2,7810.0,6,0,22,Yes,2,4,5,1
E501214,45,R&D,1,5670.0,3,2,6,No,2,3,5,0
E501096,23,Sales,3,7730.0,5,0,11,No,3,4,2,0
E501195,45,Operations,3,9670.0,9,2,13,Yes,2,4,5,0
E500700,23,Sales,2,7320.0,3,1,2,No,3,3,5,0
E500944,51,Sales,1,6650.0,12,5,8,No,4,4,2,0
E500332,32,Operations,1,6760.0,6,4,9,No,3,2,6,1
E501306,30,Operations,3,8030.0,8,0,10,No,2,4,3,0
E500627,30,R&D,1,6250.0,2,3,7,No,4,3,4,0
E500328,22,Support,1,4040.0,5,2,10,No,3,4,4,0
E501120,37,R&D,2,6710.0,2,0,5,No,4,3,7,0
E500059,25,R&D,3,9020.0,5,2,7,Yes,2,3,2,0
E501233,47,Support,2,7870.0,3,1,19,no,3,1,2,0
E500694,24,SUPPORT,2,5190.0,3,3,4,No,2,2,6,0
E500876,40,HR,3,6850.0,1,1,18,No,2,3,1,0
E500300,42,R&D,3,10210.0,2,4,18,No,3,2,7,0
E500500,36,Operations,3,9830.0,6,2,6,No,3,2,6,1
E500174,27,Sales,2,7080.0,13,1,10,Yes,1,3,6,0
E501442,40,R&D,4,11160.0,5,1,18,Yes,4,3,7,0
E500616,22,Sales,2,6040.0,3,0,14,Yes,4,1,5,0
E501397,39,R&D,1,4770.0,4,3,13,yes,2,3,5,1
E501286,40,Sales,1,4870.0,5,3,21,Yes,3,2,2,1
E501375,43,R&D,5,11570.0,6,1,4,no,2,2,7,0
E500385,38,R&D,2,6030.0,9,0,5,No,3,4,3,0
E501491,50,Sales,3,9760.0,7,2,30,No,3,3,7,1
E500533,51,Sales,1,7220.0,3,3,19,No,2,3,2,0
E500870,46,Sales,2,7980.0,12,1,5,No,1,2,1,0
E500102,55,Operations,2,8110.0,4,0,18,Yes,4,3,5,0
E500520,46,R&D,3,9320.0,6,3,4,Yes,2,3,2,0
E500958,35,Sales,3,9890.0,10,1,5,No,4,3,3,0
E501073,50,Operations,5,13110.0,4,2,14,Yes,4,3,6,0
E501325,29,Support,2,7770.0,2,1,4,Yes,4,4,6,0
E500122,40,R&D,4,10390.0,2,1,12,No,2,3,7,0
E500089,29,R&D,1,6780.0,8,0,21,Yes,3,3,4,0
E500759,50,HR,2,8660.0,4,2,8,No,1,2,5,0
E501038,52,Support,1,4030.0,10,2,5,No,2,2,5,1
E500272,31,Operations,2,7810.0,6,0,22,Yes,2,4,5,1
E501025,53,Operations,3,11210.0,1,2,6,No,3,3,2,0
E500031,54,Operations,3,10020.0,25,0,8,No,1,3,6,1
E500479,23,Sales,2,7060.0,16,4,21,No,4,4,4,0
E500884,27,Sales,2,6640.0,11,2,5,Yes,4,3,5,0
E501256,33,Operations,2,6600.0,7,1,7,Yes,1,1,6,1
E500890,31,Sales,1,4020.0,6,3,2,No,3,2,2,0
E501424,54,Sales,1,5870.0,3,3,3,No,3,3,6,0
E501277,50,HR,1,4570.0,10,4,1,No,1,1,4,0
E500600,23,Support,2,6980.0,5,1,25,No,2,4,4,0
E500132,38,Sales,1,5950.0,5,4,10,No,2,2,1,1
E500451,35,Sales,2,8540.0,10,1,16,No,3,2,1,0
E500560,26,R&D,3,7540.0,4,3,15,No,4,3,7,0
E500623,28,Operations,1,5750.0,7,1,5,Yes,1,2,5,0
E500047,40,R&D,1,4190.0,4,3,5,Yes,1,3,5,1
E501385,37,HR,4,9510.0,7,1,8,no,3,3,4,0
E500104,34,Sales,3,8570.0,1,1,3,Yes,1,3,1,0
E500881,59,HR,2,7970.0,3,2,3,Yes,2,3,7,0
E500202,27,Sales,1,,8,2,2,no,4,1,7,1
E500502,38,R&D,1,4560.0,2,2,5,Yes,2,3,3,1
E500280,54,R&D,2,8650.0,6,5,10,Yes,1,4,3,0
E501480,49,Sales,2,6310.0,2,2,23,No,3,4,1,1
E500457,38,Support,3,8660.0,8,2,8,No,4,4,3,0
E501274,37,Sales,4,10570.0,15,0,23,Yes,1,2,2,1
E500466,36,R&D,3,9890.0,3,0,15,No,3,2,2,0
E500496,59,Operations,1,6500.0,2,4,10,No,4,4,4,0
E501202,31,Sales,2,6850.0,16,1,2,No,3,3,1,0
E500137,53,Operations,3,9480.0,3,3,11,No,2,2,7,0
E500409,38,R&D,5,11310.0,4,2,13,Yes,3,3,5,1
E500528,23,Sales,1,5270.0,14,3,4,no,2,2,5,1
E500515,51,Operations,2,5800.0,13,0,6,Yes,4,3,2,0
E501363,22,HR,2,5530.0,6,1,5,No,2,3,1,0
E500701,50,Sales,4,11460.0,0,1,15,Yes,3,3,2,0
E500493,46,R&D,2,7680.0,2,1,4,Yes,2,3,2,0
E501115,25,R&D,1,5420.0,6,2,4,Yes,2,3,1,0
E500772,31,Sales,1,4660.0,4,4,11,No,1,1,5,0
E501448,37,Operations,3,8080.0,4,2,22,No,3,4,4,0
E501003,48,R&D,1,7400.0,3,1,13,No,4,3,4,0
E500956,24,Sales,1,4900.0,9,1,6,No,4,3,4,0
E501428,22,R&D,1,5550.0,2,1,8,No,1,2,1,1
E500432,52,Sales,1,5560.0,1,2,12,No,4,2,4,0
E500788,24,R&D,2,7430.0,10,2,27,No,3,1,5,0
E500369,34,SALES,2,7060.0,6,5,6,no,2,2,4,0
E500050,39,Sales,2,8390.0,3,2,8,No,3,2,5,0
E501081,48,R&D,3,9590.0,10,4,6,Yes,4,3,6,0
E500993,43,Operations,2,7730.0,3,3,13,Yes,3,3,5,0
E501188,39,Sales,1,7010.0,4,5,26,Yes,2,4,6,0
E500239,27,Sales,2,7930.0,5,5,3,No,1,3,5,1
E500377,37,Operations,2,6640.0,6,3,7,Yes,1,2,7,0
E501333,39,Sales,2,8570.0,4,3,6,No,3,4,6,0
E501050,52,R&D,4,11120.0,13,5,4,No,1,4,6,0
E501339,32,HR,2,7580.0,8,3,7,No,3,3,5,0
E501413,57,R&D,1,6640.0,5,1,16,No,3,4,2,0
E500653,35,Operations,1,6160.0,16,0,24,Yes,3,1,5,0
E500933,57,R&D,2,7230.0,11,3,18,Yes,3,2,2,1
E501352,27,HR,2,7840.0,9,2,11,No,3,3,3,0
E500315,41,Sales,5,12940.0,3,6,19,No,2,3,7,1
E501105,43,R&D,3,9850.0,9,1,6,No,3,3,6,0
E501154,46,HR,3,9090.0,7,3,5,No,1,2,3,0
E500244,22,R&D,1,4920.0,4,3,3,No,2,3,2,0
E501197,31,R&D,1,4520.0,7,2,12,No,2,4,4,0
E501241,43,Operations,4,13400.0,10,0,4,Yes,3,2,7,0
E500597,33,Sales,1,6350.0,2,3,6,No,2,2,6,0
E501280,27,R&D,5,11450.0,0,2,13,Yes,3,3,1,0
E500734,36,Operations,2,5900.0,8,2,13,No,2,3,7,1
E500932,28,R&D,3,8450.0,11,0,17,No,2,2,2,0
E500190,55,Operations,1,5980.0,9,1,6,No,4,3,3,0
E500278,48,R&D,3,10410.0,11,1,6,Yes,4,2,5,0
E500365,30,Sales,5,12860.0,13,0,8,No,2,2,6,0
E501162,37,Operations,1,6520.0,2,2,20,No,4,2,3,0
E500503,50,R&D,2,8010.0,3,2,3,No,4,4,5,0
E500467,31,Support,5,12400.0,7,3,3,No,2,3,5,0
E500166,57,Sales,2,6990.0,1,2,15,Yes,1,4,4,1
E500854,41,Sales,1,4680.0,1,1,17,Yes,4,1,4,0
E500499,23,R&D,1,5090.0,7,4,7,Yes,3,1,5,1
E501267,38,R&D,2,5790.0,7,1,3,No,1,3,2,0
E501465,55,Operations,4,9550.0,4,4,10,No,4,1,1,1
E500262,56,Operations,2,7540.0,3,2,4,No,3,1,2,1
E501018,35,HR,2,7190.0,2,2,5,No,4,2,7,0
E501485,39,Sales,1,6460.0,4,1,23,No,3,3,7,0
E500327,48,Operations,1,5720.0,11,1,22,No,2,4,3,0
E500429,27,HR,2,5670.0,1,0,9,No,4,4,6,0
E500625,39,Sales,2,8360.0,8,1,6,yes,2,3,7,0
E501279,43,R&D,2,8690.0,5,4,25,No,4,3,6,0
E500536,28,Sales,1,6670.0,2,2,7,No,2,3,4,0
E500305,49,R&D,1,6420.0,2,3,3,No,4,2,5,0
E501237,30,Operations,2,6940.0,8,2,9,No,2,4,1,0
E500344,24,R&D,4,11500.0,6,3,4,Yes,2,3,4,0
E501144,50,Operations,3,7880.0,1,2,2,no,2,3,1,0
E500389,28,Operations,1,3510.0,3,2,11,No,3,4,4,0
E500487,47,Operations,2,8080.0,4,1,2,No,2,3,6,0
E500373,48,Operations,4,11480.0,5,1,13,No,3,2,4,0
E500692,22,Support,1,5420.0,1,2,3,No,3,2,6,0
E500802,54,R&D,1,5970.0,7,2,10,No,3,4,3,0
E501338,26,HR,5,12300.0,5,1,2,No,1,4,6,0
E500844,40,R&D,3,10400.0,3,2,10,No,2,3,3,1
E501320,38,Sales,2,8160.0,8,2,5,No,3,2,3,0
E500011,41,R&D,1,7490.0,7,1,9,Yes,3,2,5,0
E500412,40,HR,4,11490.0,5,2,21,Yes,1,2,5,1
E501304,37,Sales,3,8770.0,12,1,14,No,3,4,1,0
E500658,59,Sales,3,9980.0,14,0,7,No,3,3,1,0
E500001,54,R&D,2,6700.0,5,0,1,no,4,3,4,0
E500075,42,R&D,3,7910.0,2,3,5,Yes,3,3,2,0
E501013,38,Sales,1,5490.0,3,0,15,Yes,1,2,1,0
E501163,48,Operations,3,9990.0,5,1,5,No,4,3,4,0
E501427,49,Sales,2,7760.0,2,2,23,Yes,2,3,2,1
E500149,35,Support,3,8060.0,7,0,3,No,2,1,6,0
E500915,48,Operations,4,10220.0,9,2,10,Yes,4,3,1,0
E501184,31,R&D,3,8110.0,2,1,20,No,3,3,1,0
E500770,52,Support,4,12580.0,2,1,12,No,3,2,5,0
E500843,42,Sales,1,,27,0,11,Yes,3,3,3,0
E500229,54,Sales,3,10100.0,11,2,6,Yes,2,3,7,0
E501462,54,Support,1,5170.0,5,7,9,Yes,3,1,4,1
E500942,41,HR,2,7460.0,5,0,17,Yes,3,3,1,0
E500638,55,HR,1,8600.0,7,0,2,Yes,3,4,1,0
E501268,51,Sales,2,6760.0,2,2,2,No,4,3,6,0
E500922,29,R&D,3,7130.0,6,0,14,No,1,2,7,1
E500748,35,R&D,2,6940.0,14,3,4,No,2,4,2,0
E500153,52,HR,2,8100.0,2,2,10,No,1,4,2,0
E500866,49,Operations,3,10460.0,6,0,14,No,3,2,5,0
E500742,51,R&D,4,10120.0,4,0,3,Yes,4,3,4,0
E500074,30,Support,3,9790.0,8,1,11,yes,4,1,2,0
E500176,53,Operations,4,12260.0,11,5,3,No,1,2,2,1
E500338,41,R&D,3,,4,2,6,Yes,3,2,5,0
