applicant_id,group,region,annual_income,debt_to_income,credit_history_years,num_late_payments,loan_amount,employment_years,defaulted
AP600000,B,East,46400,0.28,1.6,1,12900,1.8,0
AP600001,B,East,36700,0.368,9.7,2,16700,7.6,1
AP600002,A,West,72800,0.408,11.8,0,20300,2.2,0
AP600003,A,North,81100,0.252,7.4,1,10800,11.2,0
AP600004,A,South,82900,0.343,5.6,0,24700,17.4,0
AP600005,A,West,54400,0.472,4.2,1,16900,8.3,0
AP600006,A,West,94300,0.21,6.8,1,7700,3.7,0
AP600007,B,East,73300,0.305,2.0,3,21300,3.4,0
AP600008,A,East,44000,0.191,12.3,2,7000,1.6,0
AP600009,B,East,59900,0.34,0.0,1,21100,5.1,1
AP600010,A,North,42000,0.202,9.4,1,15800,1.4,0
AP600011,A,South,60300,0.403,12.5,0,23700,4.3,0
AP600012,A,South,37200,0.226,8.1,0,10900,1.5,1
AP600013,A,South,68200,0.448,8.4,0,15100,5.1,0
AP600014,A,East,32600,0.342,11.3,0,14600,21.9,0
AP600015,A,West,68100,0.361,14.3,1,10700,16.6,0
AP600016,B,South,83200,0.343,0.0,0,15100,3.7,0
AP600017,A,North,74600,0.367,9.7,0,15800,2.9,1
AP600018,A,East,74600,0.264,8.5,1,7800,2.8,1
AP600019,B,South,53800,0.375,5.7,3,10100,8.7,1
AP600020,A,North,68700,0.411,9.5,0,23400,13.8,0
AP600021,B,South,61900,0.315,2.1,1,4200,4.1,0
AP600022,B,West,44700,0.368,7.1,1,25200,14.0,1
AP600023,A,South,77000,0.305,6.8,0,5600,6.0,0
AP600024,A,North,50500,0.231,14.6,1,2400,2.1,0
AP600025,B,East,87500,0.41,3.6,0,15600,6.1,0
AP600026,A,North,70700,0.304,11.2,0,20600,2.8,0
AP600027,B,South,48700,0.348,8.4,1,21300,12.3,1
AP600028,A,North,59600,0.246,18.1,1,16300,5.4,0
AP600029,A,South,75500,0.318,8.3,1,1500,8.6,0
AP600030,A,South,62500,0.476,8.8,2,1500,5.6,1
AP600031,A,North,56400,0.265,6.5,1,13400,2.5,0
AP600032,B,South,51500,0.36,11.4,0,9000,5.9,0
AP600033,A,East,72000,0.479,11.8,1,3300,12.2,1
AP600034,B,West,69700,0.424,9.4,2,14100,3.9,0
AP600035,A,North,53600,0.248,6.9,1,7700,4.0,0
AP600036,A,South,26700,0.422,6.7,0,18600,1.7,1
AP600037,A,North,75100,0.212,7.3,0,16600,7.9,0
AP600038,B,South,39600,0.29,9.3,0,10400,7.2,0
AP600039,A,North,38000,0.343,7.7,0,19900,8.1,0
AP600040,A,South,60800,0.164,8.7,0,18200,3.7,0
AP600041,A,South,69900,0.308,18.0,0,17700,6.3,0
AP600042,A,East,64900,0.291,9.0,0,22500,2.7,0
AP600043,A,North,74600,0.313,9.1,0,8000,3.8,0
AP600044,A,West,24500,0.337,9.6,1,25500,3.5,1
AP600045,A,East,45200,0.316,16.6,1,12800,1.7,0
AP600046,A,South,77900,0.316,14.5,0,19500,5.6,0
AP600047,B,South,53900,0.519,2.6,1,13800,4.0,0
AP600048,B,East,42400,0.281,2.9,1,18900,14.0,0
AP600049,A,North,36800,0.455,7.1,1,10400,4.8,0
AP600050,A,South,84300,0.34,10.7,1,18100,5.2,0
AP600051,B,East,74400,0.477,6.4,3,28400,6.4,0
AP600052,B,East,31900,0.348,9.7,2,12300,8.6,1
AP600053,B,South,77500,0.282,7.4,1,25300,10.2,0
AP600054,A,West,59600,0.27,4.3,0,5700,4.5,0
AP600055,B,West,82600,0.335,6.1,3,17100,4.3,0
AP600056,A,East,69100,0.198,11.2,2,14400,3.9,0
AP600057,A,West,84700,0.212,11.6,0,4800,2.5,0
AP600058,A,East,65900,0.262,12.0,1,18200,18.8,0
AP600059,A,South,53100,0.418,12.4,2,17700,5.9,0
AP600060,A,North,63400,0.163,7.4,3,16500,7.4,0
AP600061,B,South,61700,0.249,0.1,2,25300,4.0,0
AP600062,B,South,67100,0.408,0.0,1,29400,2.3,0
AP600063,B,East,27700,0.3,0.0,1,14800,4.9,0
AP600064,A,North,62200,0.369,4.1,2,16100,1.4,1
AP600065,A,South,85700,0.376,1.4,2,20000,5.7,1
AP600066,A,East,76500,0.413,5.8,0,6600,10.2,0
AP600067,B,East,34500,0.311,4.3,1,4500,1.6,0
AP600068,B,East,59900,0.164,7.4,3,10300,4.1,0
AP600069,A,South,83200,0.344,6.9,2,12700,3.4,0
AP600070,B,East,54600,0.524,7.6,1,14000,16.9,0
AP600071,B,South,81000,0.295,6.8,1,16500,2.2,0
AP600072,A,East,70000,0.273,12.3,1,12400,1.7,1
AP600073,B,South,102600,0.464,2.5,1,18100,2.5,1
AP600074,A,South,59200,0.503,3.6,0,13700,11.9,1
AP600075,A,West,18000,0.231,6.2,0,25400,5.5,0
AP600076,A,East,77900,0.201,1.6,1,10500,15.1,0
AP600077,A,East,77600,0.207,7.3,0,18300,6.5,0
AP600078,B,South,67200,0.23,9.9,0,20500,12.7,0
AP600079,A,West,86900,0.293,13.8,1,6100,7.7,0
AP600080,A,North,44400,0.232,14.2,0,22000,2.3,0
AP600081,B,South,73200,0.223,10.1,3,22100,3.6,0
AP600082,B,South,84200,0.385,7.4,1,1500,10.6,0
AP600083,A,East,40200,0.133,11.9,1,18000,8.5,0
AP600084,A,West,43800,0.285,14.8,2,24900,11.4,0
AP600085,A,East,64200,0.391,15.7,1,4000,1.2,1
AP600086,A,North,93100,0.196,5.0,0,2000,1.1,0
AP600087,A,East,43000,0.281,10.4,1,14500,3.8,0
AP600088,A,North,66100,0.438,4.6,1,20700,6.9,0
AP600089,B,South,44700,0.43,6.6,0,12300,5.0,1
AP600090,A,South,57900,0.357,6.8,2,16600,5.3,1
AP600091,B,North,41800,0.513,11.4,1,16300,5.3,1
AP600092,B,East,89900,0.459,0.7,0,3700,3.8,0
AP600093,A,West,69700,0.322,11.2,3,14300,2.2,0
AP600094,A,East,47200,0.314,9.7,0,19400,5.2,0
AP600095,B,South,68100,0.269,4.6,3,22700,2.5,0
AP600096,B,East,68200,0.436,3.6,2,20100,5.7,0
AP600097,B,East,82800,0.17,8.8,1,20000,7.3,0
AP600098,B,South,69200,0.353,0.0,1,27000,0.8,0
AP600099,A,South,86100,0.513,7.2,3,11700,4.0,1
AP600100,B,South,40200,0.221,6.6,1,15700,8.2,0
AP600101,B,South,27500,0.37,0.9,3,7400,2.6,1
AP600102,A,South,53400,0.39,10.6,0,27100,8.4,0
AP600103,B,East,53500,0.316,5.2,2,20700,3.4,0
AP600104,B,South,96700,0.107,3.1,1,16700,4.4,0
AP600105,A,North,30500,0.384,6.2,0,27100,17.3,0
AP600106,A,West,44400,0.252,12.2,2,25800,1.6,0
AP600107,A,East,44700,0.303,8.7,2,18300,6.3,0
AP600108,B,South,61900,0.433,6.7,1,7400,3.5,0
AP600109,A,South,71200,0.124,17.7,1,22000,13.1,0
AP600110,B,East,72900,0.253,5.4,2,21300,15.4,1
AP600111,B,South,18000,0.383,12.3,0,29400,4.2,0
AP600112,A,North,49700,0.04,13.1,2,15800,2.0,0
AP600113,A,North,70300,0.273,10.9,0,19300,9.6,0
AP600114,A,South,71100,0.41,4.7,0,18600,8.9,1
AP600115,A,West,92600,0.29,8.2,2,22400,3.7,0
AP600116,B,South,70100,0.365,8.1,0,20000,7.7,0
AP600117,B,East,62000,0.473,6.8,2,13400,1.5,0
AP600118,A,West,61800,0.244,3.8,0,13600,0.6,1
AP600119,A,North,70100,0.233,11.8,0,15500,2.8,0
AP600120,B,South,46900,0.276,0.5,1,14600,3.3,1
AP600121,A,South,38600,0.405,2.5,0,19600,10.5,1
AP600122,A,West,100300,0.172,15.7,0,4200,4.9,0
AP600123,A,East,27200,0.302,4.7,1,1500,1.3,0
AP600124,A,North,37200,0.256,5.3,0,14800,2.9,0
AP600125,A,East,48100,0.227,10.8,2,18700,7.6,0
AP600126,B,East,71300,0.341,4.3,1,20300,5.0,1
AP600127,A,East,68700,0.271,7.1,1,18600,9.6,0
AP600128,A,West,22600,0.267,9.3,1,16500,3.4,1
AP600129,A,West,76800,0.401,7.5,3,22100,1.5,0
AP600130,A,West,67600,0.192,6.0,1,32500,7.9,0
AP600131,A,East,70400,0.165,9.2,0,23900,5.5,1
AP600132,A,South,18000,0.257,10.0,0,26800,4.4,1
AP600133,A,South,47600,0.332,12.3,0,13700,5.9,0
AP600134,A,North,65100,0.37,8.4,0,20300,8.9,0
AP600135,A,South,66600,0.439,7.1,1,15100,1.5,0
AP600136,A,North,94400,0.217,4.3,1,2800,7.0,0
AP600137,A,East,18000,0.305,9.4,0,21700,19.4,0
AP600138,A,West,46500,0.286,3.7,0,18600,7.1,0
AP600139,A,South,61200,0.05,12.2,1,22500,2.1,0
AP600140,A,East,70700,0.438,8.0,1,28600,3.6,1
AP600141,A,South,81900,0.201,12.2,1,16300,3.9,0
AP600142,A,North,68100,0.357,8.8,1,22700,2.8,0
AP600143,B,East,84000,0.432,9.0,0,18800,0.1,0
AP600144,A,West,81700,0.267,5.2,0,25200,3.4,0
AP600145,B,South,60900,0.223,8.6,0,15500,7.9,0
AP600146,A,North,55300,0.398,5.1,0,9300,8.5,0
AP600147,A,South,96300,0.289,3.6,1,10100,3.3,0
AP600148,A,North,37800,0.404,7.3,0,18000,5.4,1
AP600149,A,North,48300,0.224,7.8,0,26600,15.9,0
AP600150,A,West,44900,0.403,11.9,2,18400,1.9,0
AP600151,B,North,83700,0.223,3.2,0,7300,9.7,0
AP600152,B,South,52300,0.512,9.5,2,19300,4.8,0
AP600153,B,South,51000,0.354,4.8,2,13100,5.6,0
AP600154,B,South,38800,0.379,7.5,3,10200,3.4,1
AP600155,A,West,68300,0.42,10.3,0,27700,4.4,0
AP600156,B,East,47900,0.364,3.8,1,25200,3.8,0
AP600157,A,West,46200,0.269,8.1,0,13300,5.5,0
AP600158,A,East,69000,0.118,6.4,0,18200,3.4,0
AP600159,B,East,56600,0.329,0.0,1,14700,8.6,0
AP600160,A,East,73800,0.294,9.9,0,16900,9.2,0
AP600161,A,East,78100,0.287,13.9,0,9300,12.1,0
AP600162,B,South,73200,0.272,7.3,3,8700,1.1,1
AP600163,A,West,62200,0.393,4.5,0,25500,2.1,0
AP600164,A,North,30300,0.436,3.8,0,5700,2.6,0
AP600165,A,East,69600,0.264,14.2,0,19900,8.3,0
AP600166,A,East,81500,0.39,6.8,0,14000,2.6,0
AP600167,A,North,78200,0.205,5.1,0,22300,3.9,1
AP600168,B,South,50700,0.185,2.7,2,1500,2.8,0
AP600169,A,West,63500,0.244,11.5,1,16100,7.2,0
AP600170,A,South,50300,0.36,4.1,1,16700,5.4,1
AP600171,A,North,53400,0.326,12.9,2,16400,13.3,0
AP600172,B,East,20700,0.318,4.7,1,34800,1.9,1
AP600173,A,West,66800,0.161,11.2,1,3900,14.9,0
AP600174,A,South,67100,0.262,7.4,1,17100,3.9,0
AP600175,B,South,56300,0.262,5.6,0,25700,9.0,0
AP600176,A,East,62600,0.345,9.7,1,17100,18.3,1
AP600177,A,South,55800,0.451,3.9,0,22500,1.6,0
AP600178,B,East,42500,0.385,0.0,1,20900,7.0,1
AP600179,B,South,36600,0.449,1.6,1,19400,10.7,0
AP600180,A,West,80800,0.438,13.2,1,24700,10.3,0
AP600181,A,South,72100,0.317,5.1,0,15900,3.1,1
AP600182,A,North,49200,0.382,6.5,0,18600,7.9,0
AP600183,B,East,46700,0.273,12.2,2,21600,6.3,0
AP600184,B,East,80400,0.221,2.1,2,11600,7.4,0
AP600185,A,North,46800,0.361,8.4,0,11800,3.3,0
AP600186,B,North,28200,0.325,6.4,0,12400,4.5,1
AP600187,A,West,57600,0.135,8.0,2,14200,8.7,0
AP600188,A,South,63200,0.461,0.0,0,9400,4.7,1
AP600189,A,South,37100,0.277,8.9,3,20400,7.6,0
AP600190,B,South,60900,0.403,10.2,1,17600,9.7,0
AP600191,A,East,79700,0.265,13.5,0,17800,6.0,0
AP600192,A,North,25800,0.303,14.2,0,20700,25.4,0
AP600193,A,West,47300,0.381,10.9,0,22600,4.1,0
AP600194,A,East,41600,0.277,9.0,1,16800,6.0,0
AP600195,A,South,79800,0.313,10.0,1,19800,11.4,0
AP600196,A,East,88300,0.326,7.6,2,11100,6.0,0
AP600197,A,South,83000,0.485,9.8,2,2200,5.8,0
AP600198,B,South,59000,0.385,3.5,1,20600,6.7,0
AP600199,B,West,84600,0.414,0.0,3,19200,7.8,1
AP600200,B,West,34200,0.48,1.9,1,17000,2.8,0
AP600201,A,North,55400,0.256,6.1,2,17600,4.4,0
AP600202,A,North,57800,0.317,7.3,1,16900,2.4,0
AP600203,B,East,68900,0.366,5.6,3,18500,14.7,1
AP600204,A,South,33100,0.049,2.4,0,5400,4.9,0
AP600205,A,South,55400,0.29,9.1,0,8000,4.3,0
AP600206,A,West,58100,0.252,8.9,1,15300,10.5,0
AP600207,A,West,77500,0.332,10.5,0,8300,2.7,0
AP600208,A,West,78100,0.325,17.9,1,12900,6.5,0
AP600209,A,West,63700,0.123,11.1,0,32100,4.0,0
AP600210,B,East,75800,0.188,8.6,1,17000,4.6,0
AP600211,A,West,77800,0.264,10.6,2,15700,11.9,1
AP600212,A,North,77000,0.343,4.3,2,13500,7.4,0
AP600213,A,South,65200,0.468,12.0,1,21200,2.1,1
AP600214,B,South,76700,0.12,3.1,1,20400,8.6,0
AP600215,B,East,50800,0.178,8.9,1,13400,9.6,0
AP600216,A,North,62800,0.398,13.2,0,30000,4.5,0
AP600217,A,North,53800,0.424,8.0,2,24600,4.6,1
AP600218,A,West,33500,0.136,12.5,1,24600,4.3,0
AP600219,B,East,34700,0.197,7.0,4,24700,2.1,0
AP600220,A,North,20000,0.343,15.0,2,14500,3.3,1
AP600221,A,South,36000,0.311,12.2,0,7200,2.0,0
AP600222,B,South,49600,0.361,7.5,0,6700,0.8,1
AP600223,B,East,54700,0.443,7.1,2,12300,2.9,0
AP600224,A,North,54800,0.142,10.3,0,18400,3.9,0
AP600225,B,South,63300,0.56,6.7,0,15900,5.9,0
AP600226,A,East,58200,0.5,10.7,0,18900,3.6,1
AP600227,B,South,62700,0.28,11.5,0,22400,1.0,0
AP600228,A,North,109800,0.296,9.9,1,11800,2.4,0
AP600229,A,South,73300,0.291,8.6,2,16800,7.6,0
AP600230,A,West,62700,0.541,6.0,0,16500,5.0,0
AP600231,A,East,81800,0.186,7.7,2,15400,5.9,0
AP600232,A,West,51600,0.19,7.5,0,19400,5.1,0
AP600233,B,East,18000,0.311,4.3,1,21500,5.7,0
AP600234,B,South,54100,0.271,0.2,3,21500,7.8,0
AP600235,A,North,89800,0.17,10.1,1,8500,5.9,0
AP600236,B,East,67100,0.236,5.9,0,17000,4.9,0
AP600237,B,East,74000,0.486,2.6,1,8800,6.6,1
AP600238,B,East,32400,0.362,6.8,2,13500,3.2,0
AP600239,A,North,66800,0.225,5.5,0,14700,2.7,0
AP600240,A,East,52300,0.461,14.1,0,25200,17.8,0
AP600241,A,South,53300,0.299,9.1,0,1500,4.0,0
AP600242,A,North,43500,0.451,11.7,1,21300,13.2,0
AP600243,B,East,68700,0.4,10.9,2,10200,9.7,0
AP600244,A,South,61400,0.239,9.4,0,5200,2.3,0
AP600245,A,South,31800,0.259,9.1,0,21500,3.1,1
AP600246,B,South,33500,0.378,5.6,2,6000,6.4,0
AP600247,A,East,51800,0.157,1.4,0,12600,8.6,0
AP600248,B,South,47700,0.197,0.0,3,24500,3.4,0
AP600249,A,East,78000,0.427,10.9,2,10300,15.3,0
AP600250,A,South,84500,0.248,9.5,1,24500,5.1,0
AP600251,A,West,82700,0.34,5.7,0,3600,6.4,0
AP600252,B,South,53700,0.248,6.6,2,24200,5.2,0
AP600253,A,West,65900,0.18,11.5,1,19500,4.8,0
AP600254,A,South,82900,0.313,12.9,1,16900,4.9,0
AP600255,A,South,62000,0.209,6.7,2,20300,2.4,1
AP600256,A,North,31600,0.26,3.5,0,7600,5.9,0
AP600257,A,West,54200,0.233,8.7,0,10900,6.4,0
AP600258,A,North,55600,0.588,6.9,1,24600,4.2,0
AP600259,A,West,53800,0.302,10.4,0,21800,2.3,1
AP600260,A,South,73500,0.154,4.1,0,24600,10.9,0
AP600261,A,North,46900,0.354,12.4,2,7600,2.2,1
AP600262,A,West,51200,0.422,8.7,2,14600,7.1,0
AP600263,A,South,80400,0.319,13.1,1,19800,5.2,0
AP600264,A,North,42300,0.311,11.1,2,18600,6.7,0
AP600265,A,South,49100,0.426,11.6,0,10600,11.5,0
AP600266,A,West,59100,0.111,4.3,0,25900,12.4,1
AP600267,A,West,73100,0.236,9.0,0,17100,0.8,1
AP600268,B,East,59600,0.058,4.5,4,3300,8.9,1
AP600269,A,North,51400,0.207,6.3,1,21100,8.1,0
AP600270,A,South,74900,0.307,6.3,2,20900,3.8,0
AP600271,A,South,59900,0.323,9.1,2,15000,4.3,1
AP600272,A,South,89200,0.03,16.4,1,18500,5.4,0
AP600273,A,West,27100,0.36,0.0,0,27700,10.6,1
AP600274,A,East,79500,0.481,13.3,1,21400,2.5,0
AP600275,B,East,80400,0.281,5.6,1,8600,1.7,0
AP600276,B,South,58100,0.326,0.0,2,11800,2.7,0
AP600277,A,West,52900,0.263,10.3,1,31400,2.5,0
AP600278,A,South,73700,0.312,13.6,0,24800,15.3,0
AP600279,A,West,48600,0.357,5.5,0,15100,4.5,0
AP600280,A,South,81500,0.258,7.4,1,18000,9.3,0
AP600281,A,East,81900,0.149,4.1,0,12100,1.6,0
AP600282,B,South,33800,0.313,0.0,1,25300,3.1,0
AP600283,A,North,85700,0.354,8.7,1,23500,3.6,0
AP600284,A,East,48800,0.437,4.0,2,17300,6.1,0
AP600285,A,West,77600,0.261,4.2,2,15300,7.8,0
AP600286,B,West,64900,0.34,6.4,2,22100,3.6,1
AP600287,B,South,47900,0.442,8.3,1,5400,4.3,0
AP600288,B,East,49500,0.287,7.9,1,16900,7.7,0
AP600289,A,North,56300,0.469,8.2,1,12500,0.6,0
AP600290,B,North,51700,0.292,4.1,2,15700,5.1,0
AP600291,A,East,56500,0.24,15.8,0,19200,5.9,0
AP600292,A,South,77500,0.205,8.7,0,25700,6.1,0
AP600293,A,West,84300,0.263,16.5,1,28400,14.3,0
AP600294,A,North,30500,0.352,8.5,0,16000,3.9,1
AP600295,A,West,48600,0.407,6.8,2,25900,7.6,0
AP600296,B,East,63300,0.269,5.4,2,10400,13.1,0
AP600297,B,North,21100,0.365,3.5,0,11500,2.2,1
AP600298,A,East,39300,0.352,6.7,0,20500,4.7,0
AP600299,B,South,45000,0.352,9.7,2,11500,5.2,0
AP600300,A,East,61900,0.306,8.9,1,18700,3.6,0
AP600301,B,East,39300,0.207,8.3,1,16200,7.0,0
AP600302,B,East,75400,0.421,7.5,1,23700,4.0,0
AP600303,A,North,39300,0.292,11.6,1,15900,14.5,0
AP600304,A,South,76800,0.443,6.3,1,21300,5.0,0
AP600305,B,East,80800,0.383,1.8,2,5500,1.8,0
AP600306,B,East,44100,0.377,0.0,1,11100,5.3,0
AP600307,A,West,81700,0.263,11.4,1,17800,4.7,0
AP600308,A,West,102800,0.372,9.0,0,15200,8.6,0
AP600309,A,South,18000,0.066,15.9,1,1500,9.0,0
AP600310,A,West,74900,0.283,17.8,2,8500,5.8,0
AP600311,B,South,59000,0.324,10.3,1,30100,2.3,0
AP600312,B,East,54100,0.333,1.3,3,21400,5.5,1
AP600313,A,North,64600,0.423,10.3,2,19500,9.2,0
AP600314,B,South,106100,0.277,5.2,1,25300,10.7,0
AP600315,A,South,54400,0.349,6.3,0,13300,6.6,0
AP600316,B,South,65700,0.395,3.6,2,21900,7.6,1
AP600317,B,South,18000,0.323,10.9,1,24900,11.0,0
AP600318,B,South,18700,0.136,6.4,1,9400,9.0,0
AP600319,A,North,75900,0.44,10.8,1,20800,5.6,0
AP600320,A,East,59700,0.126,7.4,2,9000,6.8,0
AP600321,A,North,37900,0.274,12.2,1,8900,4.8,0
AP600322,A,West,32700,0.133,6.7,0,10600,2.4,0
AP600323,B,East,51300,0.282,5.9,1,19300,8.3,0
AP600324,B,North,72000,0.312,11.7,1,21500,1.4,0
AP600325,A,East,52600,0.412,9.5,1,27800,3.8,0
AP600326,B,South,44400,0.218,5.2,1,17100,5.2,0
AP600327,A,South,50800,0.221,10.8,1,15900,5.4,0
AP600328,A,West,85800,0.383,9.7,1,19300,7.3,1
AP600329,B,West,43800,0.244,5.1,0,20800,4.4,1
AP600330,B,East,45500,0.334,5.5,0,24800,6.8,0
AP600331,A,West,61300,0.33,12.8,2,23600,2.0,0
AP600332,A,East,18000,0.197,12.8,3,6100,1.2,0
AP600333,A,East,84700,0.249,6.4,1,13000,2.9,0
AP600334,B,East,92800,0.325,10.3,2,22200,6.5,0
AP600335,A,East,66500,0.337,8.9,1,17600,3.6,0
AP600336,B,South,36900,0.141,9.5,3,20200,5.8,0
AP600337,B,East,18000,0.331,6.4,0,17900,8.0,0
AP600338,A,North,66700,0.376,11.0,0,12400,2.2,0
AP600339,A,West,65600,0.214,5.3,1,16000,13.7,1
AP600340,A,East,88300,0.249,6.6,1,30800,4.3,0
AP600341,B,South,42700,0.214,0.0,2,18900,9.2,0
AP600342,A,East,56100,0.471,13.7,2,11200,13.4,0
AP600343,A,North,68400,0.369,16.8,2,16900,2.7,0
AP600344,B,East,42800,0.228,6.1,2,14400,2.7,0
AP600345,A,East,65500,0.207,5.0,0,14700,3.4,0
AP600346,A,North,49000,0.279,8.5,0,1500,4.6,0
AP600347,B,South,85400,0.473,3.7,2,13300,6.6,0
AP600348,A,East,51800,0.461,7.9,1,1500,11.3,0
AP600349,A,East,81200,0.143,8.8,1,6400,2.8,0
AP600350,B,South,68500,0.252,5.3,4,1700,1.0,1
AP600351,A,North,77400,0.349,9.7,0,11700,1.3,0
AP600352,A,West,66300,0.108,8.5,1,10500,4.1,0
AP600353,B,East,67400,0.43,3.6,1,22800,9.7,0
AP600354,A,South,65300,0.27,8.8,1,29000,3.3,0
AP600355,B,East,43000,0.431,7.4,1,16700,5.8,0
AP600356,A,North,50200,0.287,9.5,0,14900,2.6,0
AP600357,A,North,78800,0.21,11.1,0,10400,2.9,1
AP600358,A,West,61700,0.284,6.0,1,15000,0.8,0
AP600359,A,South,33500,0.032,7.5,3,23400,12.4,0
AP600360,A,North,96400,0.395,10.7,0,12300,4.7,0
AP600361,A,North,47600,0.205,6.3,0,8300,7.3,0
AP600362,A,North,55100,0.329,14.0,1,27100,5.1,0
AP600363,A,South,72600,0.367,12.3,0,2600,8.5,0
AP600364,B,East,51700,0.36,6.8,4,13100,6.4,1
AP600365,A,West,80900,0.309,12.0,1,17500,9.4,0
AP600366,B,East,55200,0.456,3.5,2,21900,5.7,1
AP600367,A,West,64900,0.325,9.2,0,15400,3.3,0
AP600368,B,East,69000,0.434,6.1,1,20100,4.7,0
AP600369,A,North,93600,0.103,7.3,0,23200,4.4,0
AP600370,A,North,87400,0.204,12.4,1,22400,2.6,0
AP600371,A,South,33100,0.351,7.6,1,20100,14.1,0
AP600372,A,West,61700,0.261,9.8,1,15100,3.3,0
AP600373,A,North,50100,0.229,6.2,0,13200,7.7,1
AP600374,A,West,60200,0.26,3.1,0,21600,8.0,0
AP600375,B,East,57500,0.292,11.1,1,19900,4.4,0
AP600376,B,East,73100,0.351,2.5,0,24500,1.7,0
AP600377,B,East,49300,0.236,0.6,5,11600,8.8,1
AP600378,A,South,78400,0.123,10.7,1,20900,8.6,1
AP600379,A,West,55400,0.301,6.2,1,14100,2.1,0
AP600380,A,South,52200,0.544,11.5,1,16400,9.2,1
AP600381,A,West,67200,0.155,6.8,2,25200,1.5,0
AP600382,B,South,114500,0.214,4.9,1,10600,6.0,0
AP600383,B,South,75400,0.217,7.8,1,21100,1.1,1
AP600384,A,West,108500,0.27,11.5,0,15500,5.0,1
AP600385,A,East,69300,0.31,14.5,1,11700,1.2,0
AP600386,A,North,18000,0.405,5.3,0,11900,5.1,1
AP600387,A,South,75100,0.15,5.9,0,21000,4.9,0
AP600388,A,East,58300,0.148,3.3,0,21800,6.0,0
AP600389,B,East,80900,0.247,4.5,0,3700,8.1,0
AP600390,B,East,52300,0.368,7.2,3,10000,4.6,0
AP600391,A,West,82100,0.486,4.4,2,20600,3.8,1
AP600392,A,East,81500,0.204,11.0,1,11300,4.6,0
AP600393,A,South,35900,0.462,3.7,0,12300,7.8,0
AP600394,A,West,84800,0.149,10.1,0,17300,8.0,0
AP600395,A,South,74300,0.2,10.2,1,37100,1.9,1
AP600396,B,South,62700,0.279,0.0,1,17300,3.9,0
AP600397,A,South,70100,0.297,6.9,0,21200,11.7,0
AP600398,A,West,73600,0.435,10.7,1,12200,3.0,0
AP600399,A,West,109800,0.342,10.3,1,20600,10.4,0
AP600400,A,South,75100,0.233,12.9,0,22700,3.0,0
AP600401,B,South,39400,0.382,5.5,0,20400,11.9,0
AP600402,A,North,51500,0.289,10.0,3,5600,3.5,0
AP600403,A,East,84600,0.169,8.8,2,21900,4.1,0
AP600404,B,East,63600,0.184,4.1,1,23600,12.0,0
AP600405,A,South,86400,0.377,8.2,0,15600,8.5,0
AP600406,B,South,79400,0.375,3.0,1,32600,4.5,1
AP600407,B,East,69500,0.112,1.1,2,21000,4.0,0
AP600408,A,West,29500,0.16,8.3,3,9900,7.1,0
AP600409,A,East,47700,0.33,10.1,2,19300,14.0,1
AP600410,B,East,61300,0.328,3.5,0,18800,1.5,0
AP600411,A,South,50700,0.285,6.1,1,15600,2.0,0
AP600412,B,East,82300,0.273,4.2,3,6400,1.6,1
AP600413,B,South,58800,0.395,2.3,1,14600,4.5,1
AP600414,B,East,58400,0.232,7.8,3,14200,10.2,0
AP600415,A,East,36300,0.253,16.1,0,9800,9.2,0
AP600416,A,West,61500,0.473,10.2,0,13900,1.8,1
AP600417,A,South,44400,0.215,8.7,1,8700,3.6,0
AP600418,A,South,98000,0.309,10.1,0,26500,2.6,0
AP600419,A,East,55300,0.344,8.4,1,10200,6.7,0
AP600420,B,West,73700,0.334,5.6,0,9700,7.1,0
AP600421,A,South,58000,0.369,13.5,1,19600,0.3,0
AP600422,A,South,85300,0.401,2.8,0,8900,11.7,0
AP600423,A,East,66300,0.249,11.7,1,14800,4.3,1
AP600424,A,West,42400,0.284,6.9,1,31900,13.9,1
AP600425,A,East,117800,0.229,12.7,0,11000,0.5,0
AP600426,A,East,56100,0.477,8.8,2,9200,9.2,0
AP600427,A,West,55700,0.402,9.6,2,16800,5.7,1
AP600428,A,East,68600,0.289,12.0,1,17800,7.9,1
AP600429,B,South,61400,0.137,0.0,0,19400,6.1,0
AP600430,A,West,75000,0.346,9.2,1,28900,5.6,0
AP600431,A,South,58700,0.131,13.0,0,17400,7.9,0
AP600432,A,North,34300,0.464,9.5,1,26100,9.5,1
AP600433,A,North,78100,0.392,4.6,1,19800,2.9,1
AP600434,B,East,43000,0.319,0.0,0,22900,6.3,1
AP600435,B,North,41800,0.284,3.0,1,21000,8.2,0
AP600436,B,East,69600,0.394,6.6,2,13700,1.2,0
AP600437,B,East,20200,0.32,8.8,1,11300,15.2,0
AP600438,A,East,44400,0.3,9.5,1,7600,3.1,0
AP600439,A,West,64500,0.411,9.4,0,26500,2.4,1
AP600440,A,West,78900,0.304,9.9,1,15000,11.4,0
AP600441,A,North,62800,0.378,13.9,0,15100,2.8,0
AP600442,A,North,96100,0.268,13.0,1,20600,6.1,0
AP600443,A,North,83500,0.331,6.1,1,25300,9.3,0
AP600444,A,North,41000,0.195,6.3,3,14100,9.2,1
AP600445,A,South,38300,0.319,12.4,1,21500,4.2,1
AP600446,B,East,62300,0.334,8.9,0,22500,9.1,0
AP600447,A,East,51600,0.124,4.1,1,8400,6.9,0
AP600448,A,South,54200,0.24,7.1,0,16200,6.1,0
AP600449,B,North,80700,0.295,1.2,2,8700,11.1,0
AP600450,A,North,60100,0.216,15.6,1,18100,7.2,0
AP600451,A,East,26900,0.243,8.6,0,12100,2.1,0
AP600452,A,West,39500,0.442,10.5,0,6200,8.4,0
AP600453,B,South,69600,0.286,3.2,3,18500,2.2,0
AP600454,B,East,49500,0.34,6.3,2,19500,3.7,1
AP600455,A,South,79300,0.318,8.1,2,17400,1.7,0
AP600456,B,East,79500,0.29,5.8,2,18500,0.5,0
AP600457,A,East,60800,0.264,4.5,0,7000,0.6,0
AP600458,A,North,48100,0.259,11.0,0,10600,26.4,0
AP600459,A,East,76800,0.224,12.6,1,27900,8.2,0
AP600460,A,East,44100,0.402,11.2,0,13500,5.5,0
AP600461,A,North,41500,0.228,4.0,1,14300,6.5,0
AP600462,A,East,64000,0.343,12.4,1,10100,7.7,0
AP600463,A,North,37500,0.417,5.4,0,5600,11.8,0
AP600464,A,West,44800,0.381,5.4,2,6300,4.9,0
AP600465,A,North,74900,0.308,5.5,2,14700,6.6,1
AP600466,A,East,55300,0.409,5.1,1,24600,15.0,0
AP600467,B,East,79200,0.467,7.3,0,4200,7.6,0
AP600468,B,South,69200,0.343,1.9,0,3700,3.5,0
AP600469,B,South,51900,0.227,3.1,3,20900,7.0,1
AP600470,A,West,42500,0.336,9.3,1,19200,1.0,0
AP600471,A,East,95200,0.153,9.3,1,27400,7.3,0
AP600472,B,West,65700,0.238,0.0,1,25300,3.2,1
AP600473,A,East,33100,0.397,11.7,0,20000,1.9,0
AP600474,B,South,70100,0.279,5.7,1,15300,10.9,1
AP600475,A,North,66400,0.096,8.6,1,25000,1.5,0
AP600476,A,South,36700,0.25,9.3,3,20700,5.7,0
AP600477,A,South,33200,0.28,12.8,0,19800,9.3,0
AP600478,A,West,87900,0.137,8.0,2,13500,1.6,0
AP600479,B,South,63000,0.211,3.9,0,16300,6.7,0
AP600480,A,West,30400,0.215,4.1,0,3800,4.5,0
AP600481,A,South,72700,0.358,7.1,2,25900,13.5,1
AP600482,B,West,56300,0.18,7.5,1,22100,4.7,0
AP600483,A,East,75100,0.288,10.6,0,9800,7.5,0
AP600484,B,East,75600,0.316,4.2,1,10400,7.8,0
AP600485,A,South,68800,0.301,7.0,0,7300,11.2,0
AP600486,B,East,49300,0.151,3.1,0,23500,6.7,0
AP600487,A,West,57000,0.273,11.9,0,28700,4.3,0
AP600488,A,East,41600,0.316,10.9,1,25800,8.0,1
AP600489,B,East,31500,0.309,0.3,2,3500,2.4,1
AP600490,A,North,53200,0.494,7.7,0,15200,7.2,0
AP600491,A,South,60600,0.206,6.0,1,14800,1.3,0
AP600492,B,South,92900,0.371,0.0,1,14100,0.3,0
AP600493,A,North,62500,0.394,6.4,1,22900,1.9,0
AP600494,A,East,58300,0.249,12.5,0,21400,6.4,0
AP600495,A,West,83000,0.308,10.7,0,18500,16.0,0
AP600496,A,East,62200,0.344,10.6,0,20400,8.5,0
AP600497,A,South,67700,0.213,6.3,0,14900,0.5,0
AP600498,A,South,81400,0.179,14.4,1,13000,9.5,0
AP600499,A,East,76200,0.284,8.3,0,14200,1.6,0
AP600500,A,West,73700,0.164,9.0,2,16600,3.5,0
AP600501,B,East,84200,0.336,7.9,1,9400,9.6,0
AP600502,B,East,44300,0.42,0.0,0,30300,5.2,0
AP600503,A,West,82700,0.282,8.2,0,24700,3.2,0
AP600504,A,East,64900,0.315,13.9,0,6700,8.5,0
AP600505,A,West,65700,0.486,11.8,1,21800,0.8,0
AP600506,B,West,37300,0.286,6.7,2,15200,5.5,0
AP600507,A,West,25500,0.355,9.2,1,13700,14.2,1
AP600508,B,South,54300,0.396,6.3,1,23600,9.1,0
AP600509,A,East,34400,0.317,13.5,0,10800,10.3,0
AP600510,A,East,79900,0.467,10.1,1,16700,7.8,0
AP600511,A,West,57700,0.447,10.9,1,25000,1.2,0
AP600512,B,South,61400,0.392,13.9,1,5200,5.3,1
AP600513,A,West,39400,0.33,6.6,1,17400,5.2,1
AP600514,A,West,43700,0.358,5.2,0,22700,4.5,0
AP600515,A,East,90600,0.247,10.9,0,10200,25.1,0
AP600516,A,West,78800,0.459,13.6,0,15700,3.7,0
AP600517,A,North,63700,0.402,2.5,0,3800,7.3,0
AP600518,A,North,105400,0.385,5.6,0,4100,2.9,0
AP600519,B,East,18800,0.334,5.7,1,12800,3.9,0
AP600520,B,East,63400,0.369,0.0,1,18100,1.0,1
AP600521,B,West,67400,0.392,2.0,1,20300,2.9,0
AP600522,B,South,58900,0.373,6.4,2,22300,7.3,1
AP600523,A,East,60000,0.275,5.5,0,19000,2.4,0
AP600524,B,South,49500,0.414,0.8,1,7900,1.1,1
AP600525,A,South,72800,0.178,6.2,2,15000,4.3,0
AP600526,A,South,49100,0.291,9.0,2,17200,14.3,1
AP600527,B,East,47300,0.442,7.8,4,6500,5.2,0
AP600528,A,West,52200,0.255,8.4,0,5800,4.0,0
AP600529,A,East,26900,0.295,17.0,0,18900,5.1,0
AP600530,A,East,81600,0.132,12.4,1,19100,3.2,0
AP600531,A,East,38400,0.167,6.8,2,1500,0.5,0
AP600532,A,East,53400,0.36,7.4,1,22700,2.8,0
AP600533,A,West,84800,0.406,13.6,0,23000,1.8,0
AP600534,B,West,55800,0.419,2.7,5,19000,3.1,1
AP600535,A,South,18000,0.145,4.1,1,7000,2.3,0
AP600536,A,North,77600,0.26,6.1,1,22100,8.6,0
AP600537,A,East,47000,0.2,7.5,1,29300,3.1,1
AP600538,B,South,54700,0.241,2.3,1,6300,7.4,1
AP600539,A,North,46200,0.439,11.2,0,17800,8.8,0
AP600540,B,West,22000,0.351,9.1,2,17400,8.3,1
AP600541,A,North,45200,0.339,11.9,0,16900,3.6,0
AP600542,A,South,90700,0.293,9.0,0,8400,2.1,0
AP600543,B,North,91900,0.384,6.9,0,12200,4.8,1
AP600544,A,South,34200,0.217,9.5,2,16800,1.1,0
AP600545,A,East,86600,0.441,8.1,1,21200,19.5,1
AP600546,A,East,56700,0.223,10.3,2,33000,7.6,1
AP600547,A,East,33400,0.3,11.7,0,15700,6.1,1
AP600548,B,East,88700,0.165,2.2,0,18600,8.1,0
AP600549,B,East,47000,0.466,4.6,1,3400,7.2,0
AP600550,A,North,74200,0.168,5.7,0,24200,4.4,0
AP600551,A,South,18000,0.194,2.3,0,22800,5.8,1
AP600552,A,East,55800,0.21,6.9,1,21800,1.0,0
AP600553,B,East,65700,0.38,4.6,0,18600,2.9,0
AP600554,A,East,35700,0.33,3.4,0,16200,4.0,0
AP600555,A,East,80600,0.12,10.6,0,16700,4.8,0
AP600556,A,North,51900,0.168,11.1,0,25000,1.7,0
AP600557,B,North,47300,0.224,3.0,1,17100,0.9,0
AP600558,B,North,51200,0.331,8.3,0,13900,4.1,0
AP600559,A,West,56000,0.29,9.9,1,24400,8.0,0
AP600560,B,East,62900,0.235,6.4,0,15600,11.5,0
AP600561,A,West,59000,0.075,7.4,2,21400,9.9,0
AP600562,B,North,46000,0.194,3.2,1,13300,10.0,0
AP600563,A,North,65700,0.283,13.6,1,15200,1.6,0
AP600564,A,East,59500,0.041,11.3,0,18200,4.0,0
AP600565,A,West,64600,0.14,11.9,2,18500,3.9,0
AP600566,A,North,48100,0.156,16.2,1,12500,3.1,0
AP600567,B,South,67800,0.484,13.7,0,18600,6.9,0
AP600568,A,North,55300,0.275,5.9,1,12400,7.6,1
AP600569,A,South,75500,0.318,5.0,1,20300,7.9,1
AP600570,B,North,77100,0.213,5.5,2,21400,12.5,0
AP600571,B,South,18000,0.218,3.7,2,21500,1.8,0
AP600572,A,East,18000,0.443,9.6,1,8300,3.8,0
AP600573,B,South,57800,0.421,0.0,0,12800,5.1,0
AP600574,A,East,18000,0.115,11.2,0,17200,6.4,0
AP600575,A,West,61900,0.241,4.8,2,16600,13.1,0
AP600576,A,East,66300,0.386,1.5,1,17600,5.8,1
AP600577,A,East,61600,0.464,6.5,0,21100,1.8,1
AP600578,A,West,18000,0.412,1.7,0,16000,3.3,0
AP600579,A,South,82400,0.279,8.8,0,19300,5.4,0
AP600580,B,East,92800,0.462,5.1,1,12800,1.8,0
AP600581,A,South,94000,0.322,14.5,0,15200,8.8,0
AP600582,A,North,18000,0.424,10.1,2,12700,14.5,0
AP600583,A,North,55200,0.24,9.7,1,7800,13.3,0
AP600584,A,South,113000,0.338,9.2,2,16000,4.9,0
AP600585,A,East,27900,0.288,13.1,2,7400,4.6,0
AP600586,A,North,52500,0.314,7.8,1,14900,5.8,0
AP600587,A,South,75300,0.259,4.5,1,11800,12.0,0
AP600588,A,South,63000,0.415,5.8,1,18600,3.4,0
AP600589,A,East,70100,0.345,6.8,3,11100,0.5,0
AP600590,A,South,54100,0.207,13.2,1,12800,7.1,0
AP600591,B,South,44300,0.397,8.3,2,18100,1.8,1
AP600592,A,East,70900,0.283,12.6,1,8100,4.7,0
AP600593,A,South,73000,0.335,8.7,1,24400,4.6,1
AP600594,A,North,71800,0.339,5.5,0,11400,5.9,0
AP600595,A,West,96400,0.312,12.2,1,13200,8.3,0
AP600596,B,West,87400,0.376,5.2,2,10600,4.5,1
AP600597,A,West,66200,0.257,11.7,1,21300,5.4,0
AP600598,B,South,51300,0.328,3.8,0,24900,6.1,0
AP600599,B,East,44300,0.364,10.8,1,24900,2.9,0
AP600600,B,East,52200,0.398,4.3,1,21200,10.3,0
AP600601,A,North,33400,0.396,14.3,1,15200,4.6,0
AP600602,A,South,37200,0.18,14.3,1,3900,4.2,0
AP600603,A,West,62900,0.388,12.0,2,10200,1.3,1
AP600604,A,West,93700,0.29,10.3,2,22000,9.8,0
AP600605,A,West,41700,0.447,14.8,0,15800,5.2,1
AP600606,A,South,77000,0.14,5.6,0,10500,4.4,0
AP600607,A,West,65400,0.305,9.2,1,18500,3.6,0
AP600608,A,South,80800,0.31,13.9,0,19200,14.3,0
AP600609,A,East,40300,0.092,6.4,1,23800,7.2,0
AP600610,A,West,64500,0.267,10.7,1,16200,9.6,0
AP600611,B,South,34100,0.268,7.0,3,1700,6.1,0
AP600612,A,East,31500,0.43,12.5,1,19700,5.0,0
AP600613,B,North,79600,0.121,3.0,2,12500,6.6,0
AP600614,A,South,52700,0.186,2.2,1,22500,1.7,1
AP600615,B,East,67700,0.291,8.6,1,16800,6.9,1
AP600616,A,West,36900,0.402,4.6,1,8800,7.2,0
AP600617,B,East,61100,0.308,5.8,2,11000,1.0,1
AP600618,A,North,73000,0.2,8.8,1,13300,8.8,0
AP600619,A,South,57700,0.28,11.1,0,24100,3.8,0
AP600620,A,North,82300,0.499,3.6,0,19400,6.5,0
AP600621,B,West,54400,0.298,13.2,0,17500,5.6,0
AP600622,A,East,48200,0.521,10.8,1,17500,3.9,1
AP600623,B,East,53800,0.408,9.3,1,6900,4.3,0
AP600624,A,South,42900,0.196,7.7,0,26900,8.7,0
AP600625,A,East,53400,0.287,7.1,0,6600,8.2,0
AP600626,B,North,58500,0.38,3.1,0,30200,8.7,0
AP600627,A,South,103100,0.266,10.8,1,5600,4.1,0
AP600628,A,North,80100,0.247,7.4,0,14400,5.2,0
AP600629,A,West,38200,0.359,11.0,1,1700,10.7,0
AP600630,A,North,90600,0.165,6.2,0,15100,2.0,0
AP600631,A,East,18000,0.268,14.0,0,14200,7.4,0
AP600632,B,North,52900,0.296,11.4,0,11900,9.6,0
AP600633,A,East,69000,0.452,12.5,0,20200,1.5,0
AP600634,A,North,73000,0.29,9.1,0,6400,2.8,0
AP600635,A,East,68100,0.338,9.6,0,9200,3.9,0
AP600636,A,West,110300,0.311,6.9,1,19100,0.6,0
AP600637,A,East,28400,0.122,11.2,1,16500,10.1,0
AP600638,A,West,102800,0.321,9.3,1,4200,2.5,1
AP600639,A,East,54800,0.293,3.4,0,12700,3.1,0
AP600640,A,North,81200,0.341,0.7,0,21400,7.2,1
AP600641,A,East,68600,0.11,8.5,0,20200,4.8,0
AP600642,A,West,81100,0.38,3.4,0,24200,5.4,0
AP600643,B,South,64200,0.414,7.8,1,21900,8.3,0
AP600644,B,South,62200,0.321,6.4,1,23500,3.6,0
AP600645,B,East,71800,0.344,4.0,3,10100,1.9,0
AP600646,B,East,61900,0.335,0.2,2,9400,8.0,1
AP600647,B,South,45700,0.301,6.0,2,13300,7.4,0
AP600648,A,East,61400,0.35,7.2,1,28900,1.9,0
AP600649,B,East,46800,0.281,0.7,3,20500,5.7,0
AP600650,B,South,40600,0.471,4.1,2,19800,3.5,1
AP600651,A,East,81500,0.323,7.8,0,22000,17.9,1
AP600652,A,South,57600,0.198,8.2,5,8500,5.3,1
AP600653,A,East,25000,0.396,6.3,1,18000,7.1,1
AP600654,B,North,71900,0.513,4.8,1,22100,7.9,0
AP600655,B,South,77000,0.253,7.3,0,11200,0.6,0
AP600656,B,South,47200,0.222,3.8,0,18300,13.4,0
AP600657,A,North,78600,0.233,10.8,0,9600,12.1,0
AP600658,A,South,28600,0.218,8.3,0,21300,3.3,1
AP600659,A,West,94900,0.119,9.1,1,29900,6.4,0
AP600660,B,East,27300,0.326,7.3,3,2500,6.0,0
AP600661,A,South,91600,0.481,7.5,1,1800,3.5,0
AP600662,A,West,77300,0.26,8.5,1,29500,9.5,0
AP600663,A,North,62400,0.244,10.8,0,18500,4.4,0
AP600664,A,South,49000,0.291,10.4,0,17900,3.0,0
AP600665,A,South,40800,0.386,16.6,1,18300,3.4,0
AP600666,A,North,76900,0.467,5.5,3,27000,1.9,1
AP600667,B,East,69000,0.194,0.7,1,13300,7.3,0
AP600668,A,West,36300,0.37,16.9,1,19400,3.8,0
AP600669,B,South,38200,0.354,3.8,1,7700,3.0,0
AP600670,A,West,75900,0.264,13.5,1,14300,5.0,0
AP600671,A,North,90300,0.306,14.0,2,17500,14.8,0
AP600672,B,West,43300,0.281,6.6,0,24500,6.7,0
AP600673,A,West,79100,0.318,10.5,2,20200,8.5,0
AP600674,A,North,46000,0.246,9.2,0,29000,7.9,0
AP600675,A,North,47200,0.385,9.6,1,22000,7.5,0
AP600676,A,West,118700,0.273,7.6,1,24300,4.5,0
AP600677,B,South,74900,0.228,7.3,0,10400,3.4,0
AP600678,A,South,63100,0.323,3.5,0,26500,1.7,1
AP600679,A,South,65100,0.326,13.2,1,30600,2.0,0
AP600680,A,East,45100,0.454,10.4,1,21100,4.4,1
AP600681,A,West,52500,0.451,11.1,2,29500,2.5,0
AP600682,A,North,78500,0.518,10.0,2,10800,7.8,0
AP600683,A,North,54100,0.304,3.7,0,14700,7.6,0
AP600684,A,West,73900,0.211,4.0,2,26300,7.0,0
AP600685,A,North,83100,0.441,8.1,1,12000,14.9,0
AP600686,A,South,71800,0.286,7.4,1,22200,14.0,0
AP600687,A,West,31600,0.272,6.4,0,10500,5.0,0
AP600688,A,North,50800,0.419,12.2,1,1500,5.7,1
AP600689,B,South,58600,0.288,0.3,0,15200,11.5,1
AP600690,A,East,55200,0.398,8.4,1,18200,2.3,1
AP600691,A,North,78400,0.219,11.0,2,13400,3.2,0
AP600692,A,North,42500,0.22,14.5,1,9100,21.7,0
AP600693,A,South,58100,0.216,6.9,1,13700,5.0,1
AP600694,A,North,66000,0.178,8.1,0,13600,6.9,1
AP600695,B,East,71300,0.231,5.5,2,23500,3.9,0
AP600696,A,South,45600,0.514,13.2,1,17300,6.9,0
AP600697,A,East,70500,0.257,12.5,3,21600,1.8,0
AP600698,A,West,69500,0.311,7.3,0,13700,2.6,0
AP600699,B,South,44600,0.386,10.1,2,10300,6.9,0
AP600700,A,North,86900,0.175,5.7,0,18400,5.0,0
AP600701,B,South,65600,0.24,8.2,4,18900,7.9,1
AP600702,A,South,67600,0.314,7.3,1,12300,6.1,0
AP600703,A,North,47600,0.375,13.6,2,15500,12.9,0
AP600704,A,North,59400,0.248,6.1,0,16400,5.5,0
AP600705,B,West,77600,0.261,6.4,0,23800,8.0,0
AP600706,B,East,64400,0.4,4.1,2,20000,5.9,0
AP600707,A,West,65500,0.373,9.7,1,5800,4.8,0
AP600708,A,East,78100,0.303,11.3,0,11900,5.1,0
AP600709,A,East,56700,0.246,11.0,2,9300,2.4,0
AP600710,A,South,52700,0.467,10.6,0,15600,5.1,0
AP600711,A,West,70500,0.314,8.4,0,16600,4.8,0
AP600712,B,South,31300,0.262,3.9,2,9900,1.4,0
AP600713,A,North,61100,0.178,9.6,0,4600,6.6,0
AP600714,A,West,72100,0.237,11.1,0,23100,2.0,0
AP600715,B,East,61400,0.159,0.0,1,22700,4.8,0
AP600716,B,South,69600,0.205,1.5,3,11200,4.4,0
AP600717,A,South,35200,0.32,14.5,0,15400,8.7,0
AP600718,A,North,64600,0.23,9.7,0,14600,8.2,0
AP600719,B,South,85500,0.293,8.7,0,20400,16.5,0
AP600720,A,North,31600,0.175,7.3,0,28400,9.0,0
AP600721,B,East,38300,0.407,3.5,2,23900,11.9,1
AP600722,B,East,75300,0.351,2.0,2,14200,3.9,0
AP600723,B,South,80200,0.332,6.7,3,9800,2.6,0
AP600724,A,West,44100,0.285,11.0,0,11600,9.5,0
AP600725,B,East,62600,0.288,8.3,0,8300,4.1,0
AP600726,B,South,67800,0.353,5.8,3,11400,4.4,0
AP600727,A,North,79400,0.23,6.5,1,17900,3.2,0
AP600728,A,South,44800,0.313,7.8,0,12800,9.4,1
AP600729,B,North,92900,0.174,2.6,1,17900,4.6,0
AP600730,B,West,81400,0.363,0.7,1,22200,1.6,1
AP600731,A,South,55300,0.331,14.0,1,12300,21.0,0
AP600732,B,East,41200,0.325,11.2,0,12400,2.2,0
AP600733,B,East,56900,0.229,4.0,2,26700,9.9,1
AP600734,B,East,48800,0.333,5.9,1,18500,8.9,1
AP600735,B,South,53900,0.264,12.3,0,31600,3.8,0
AP600736,A,South,33700,0.132,17.1,1,23300,13.1,0
AP600737,A,East,49400,0.343,6.1,1,20600,6.3,0
AP600738,A,South,63200,0.153,4.2,2,3900,7.0,1
AP600739,A,East,78100,0.443,10.7,1,11900,0.8,1
AP600740,A,South,54800,0.483,2.9,0,10700,1.4,0
AP600741,A,South,36400,0.123,4.2,0,5200,2.5,0
AP600742,A,West,52200,0.306,12.1,2,19700,1.6,1
AP600743,B,East,52000,0.347,4.4,1,20200,4.2,0
AP600744,B,South,29200,0.478,0.0,2,9300,8.6,1
AP600745,A,West,31300,0.232,11.9,1,14100,8.3,0
AP600746,B,East,55800,0.095,0.7,0,23100,12.6,1
AP600747,B,East,66900,0.252,0.0,2,12900,3.3,0
AP600748,A,South,53800,0.214,8.4,0,18000,5.4,0
AP600749,B,South,32600,0.47,4.8,2,14600,26.9,0
AP600750,B,South,60000,0.61,9.4,2,19800,10.7,1
AP600751,A,South,59300,0.324,10.1,0,12900,2.1,0
AP600752,A,West,70400,0.3,8.3,0,9100,5.3,0
AP600753,A,North,65900,0.281,7.0,0,8700,2.2,0
AP600754,A,South,86000,0.148,15.2,0,13400,7.7,0
AP600755,B,South,72600,0.296,4.3,3,14000,3.5,0
AP600756,B,East,77400,0.262,8.8,0,11000,12.6,0
AP600757,B,South,64900,0.195,3.2,0,18600,2.4,0
AP600758,B,West,40400,0.314,3.3,0,17600,2.5,0
AP600759,A,North,68200,0.234,13.7,1,16000,7.2,0
AP600760,B,North,26200,0.21,8.5,0,19200,3.8,0
AP600761,A,North,73800,0.323,12.2,1,22300,4.8,0
AP600762,A,East,18000,0.236,11.0,1,12000,3.6,0
AP600763,A,South,51000,0.346,7.4,0,22900,8.5,0
AP600764,A,West,43700,0.203,11.5,1,20400,5.4,1
AP600765,B,North,44900,0.327,0.2,1,11000,3.6,0
AP600766,B,East,30300,0.394,6.6,0,23900,18.6,1
AP600767,B,South,64600,0.226,5.0,0,19000,2.7,0
AP600768,A,South,86100,0.311,6.0,2,11100,1.5,1
AP600769,A,North,35600,0.141,13.5,1,9500,7.6,1
AP600770,B,East,107600,0.369,0.0,1,13800,14.7,0
AP600771,A,South,37600,0.271,9.7,1,14200,0.7,0
AP600772,B,South,33700,0.232,5.3,1,10200,16.2,0
AP600773,B,South,64200,0.33,4.7,1,7800,5.5,0
AP600774,B,South,39800,0.348,3.0,3,18100,1.9,0
AP600775,A,South,54700,0.227,11.5,0,13100,7.8,0
AP600776,A,West,74100,0.325,14.0,2,17700,5.5,0
AP600777,A,West,71000,0.254,5.2,1,13500,7.2,0
AP600778,A,South,66600,0.342,7.7,0,26600,28.4,0
AP600779,A,East,37800,0.257,4.4,1,18700,5.8,0
AP600780,A,East,103900,0.27,2.3,0,15300,8.4,0
AP600781,B,East,54800,0.375,0.0,1,8700,2.2,0
AP600782,A,North,49900,0.308,13.2,0,25400,12.0,0
AP600783,A,North,61000,0.148,11.1,0,10700,20.5,0
AP600784,B,South,50200,0.319,0.0,2,7800,0.7,0
AP600785,A,South,28600,0.388,10.0,1,26100,6.7,0
AP600786,A,West,74100,0.433,10.9,0,5000,2.4,0
AP600787,A,North,62900,0.268,13.1,0,14600,2.8,0
AP600788,A,East,68200,0.291,11.4,1,25500,0.5,0
AP600789,A,North,31700,0.223,8.3,0,16700,3.5,0
AP600790,A,West,47200,0.29,5.8,1,7400,2.9,0
AP600791,A,West,52000,0.211,6.1,1,17700,13.5,0
AP600792,B,South,61600,0.145,0.0,0,14300,8.2,0
AP600793,B,South,27300,0.373,8.8,2,24500,5.1,0
AP600794,A,West,56800,0.4,11.4,0,27800,12.6,0
AP600795,B,East,52800,0.263,3.8,0,9000,3.1,0
AP600796,A,North,82400,0.405,7.9,1,19800,4.1,0
AP600797,B,North,40000,0.295,5.7,1,8800,7.0,0
AP600798,A,East,66100,0.366,7.3,1,22000,4.4,0
AP600799,A,West,54200,0.207,8.5,0,22800,9.5,0
AP600800,B,South,24200,0.244,4.0,2,18600,10.5,0
AP600801,B,East,32500,0.336,3.9,0,26500,8.7,1
AP600802,B,South,44800,0.381,4.4,2,16700,6.0,1
AP600803,A,West,41300,0.03,7.4,0,11300,4.4,0
AP600804,B,South,38900,0.22,8.6,0,14200,6.5,0
AP600805,A,West,77100,0.297,11.1,3,19300,4.2,0
AP600806,A,West,56100,0.281,0.6,0,19400,7.2,0
AP600807,B,South,81900,0.335,2.6,1,12000,2.4,0
AP600808,A,West,41700,0.336,4.9,0,20100,3.9,0
AP600809,A,East,68200,0.091,5.1,0,12400,6.1,0
AP600810,A,South,85500,0.292,16.1,0,22300,4.6,0
AP600811,B,East,55500,0.248,3.3,3,3500,3.4,0
AP600812,B,South,84800,0.271,5.9,5,1500,2.2,0
AP600813,A,West,64800,0.358,9.6,1,17200,1.7,0
AP600814,B,East,44500,0.239,12.1,2,12200,4.4,1
AP600815,B,West,48100,0.362,5.3,1,13900,6.9,0
AP600816,A,West,46700,0.339,5.6,0,9800,8.2,0
AP600817,A,North,47800,0.263,9.5,0,8500,15.6,0
AP600818,B,East,23200,0.404,9.7,1,13800,5.4,1
AP600819,A,North,63600,0.22,11.5,1,22700,2.1,0
AP600820,A,North,102900,0.24,15.1,1,13500,4.3,0
AP600821,B,East,31000,0.371,3.0,1,10800,7.5,1
AP600822,B,West,60900,0.067,8.2,1,24600,10.4,0
AP600823,A,South,86700,0.23,16.0,0,14100,4.5,0
AP600824,B,South,78800,0.369,0.7,1,3300,3.9,0
AP600825,A,North,57900,0.214,8.8,0,17200,2.9,0
AP600826,A,North,89300,0.473,12.2,3,9900,4.2,0
AP600827,A,West,47500,0.303,9.5,4,11900,6.7,1
AP600828,A,West,63900,0.321,4.2,1,23300,4.6,0
AP600829,B,East,49900,0.354,0.0,1,15000,7.3,0
AP600830,B,North,66600,0.354,6.7,0,25000,0.8,0
AP600831,A,North,32600,0.361,7.9,0,10100,0.9,0
AP600832,A,South,62900,0.39,11.9,0,20300,8.2,0
AP600833,A,West,72100,0.316,1.4,1,21800,1.8,0
AP600834,B,East,61600,0.078,6.6,3,26700,10.3,1
AP600835,A,South,56600,0.13,11.2,2,25300,10.2,1
AP600836,A,East,48400,0.323,8.5,1,1800,4.3,1
AP600837,B,South,18000,0.297,9.1,6,13800,3.9,0
AP600838,B,West,50800,0.302,6.6,1,28100,3.5,0
AP600839,B,North,54600,0.275,4.3,1,10000,6.3,0
AP600840,A,West,48900,0.365,8.5,1,11200,1.3,1
AP600841,B,South,55500,0.35,7.1,1,13200,1.3,0
AP600842,A,West,84700,0.436,8.3,0,22300,6.0,0
AP600843,B,East,72900,0.34,8.1,0,20800,4.9,0
AP600844,B,South,52700,0.292,2.2,1,27600,10.4,0
AP600845,A,North,62700,0.171,6.8,3,18400,4.1,0
AP600846,A,East,40700,0.353,2.6,1,30500,7.0,1
AP600847,A,East,46400,0.344,9.1,0,18900,14.6,0
AP600848,B,East,32100,0.205,5.5,2,17100,20.5,0
AP600849,B,North,43900,0.324,2.6,2,14000,5.3,1
AP600850,A,East,96900,0.303,7.1,4,1500,2.1,0
AP600851,A,West,49400,0.03,7.1,0,12100,12.9,0
AP600852,A,West,53500,0.238,14.3,2,8200,4.4,0
AP600853,B,North,41600,0.161,9.9,3,9200,3.9,0
AP600854,A,North,68400,0.122,10.5,0,25700,5.0,0
AP600855,B,South,57800,0.168,9.4,2,11000,14.8,0
AP600856,A,South,66300,0.472,5.5,0,22900,0.4,0
AP600857,A,South,48800,0.294,13.8,0,10300,3.3,0
AP600858,A,North,52600,0.371,11.8,0,24200,4.5,0
AP600859,A,West,51100,0.182,18.5,0,9900,2.8,0
AP600860,A,East,78700,0.484,6.9,1,13000,5.3,0
AP600861,B,East,51500,0.389,6.4,3,19000,2.0,1
AP600862,B,South,71200,0.489,0.3,1,17100,3.4,1
AP600863,A,South,27000,0.331,10.3,0,23500,5.7,1
AP600864,A,East,62400,0.356,6.4,0,23800,14.5,0
AP600865,A,North,81000,0.305,15.0,1,12800,2.3,0
AP600866,A,East,18000,0.128,11.8,0,25600,3.1,0
AP600867,B,East,43900,0.411,6.9,0,15600,3.6,0
AP600868,A,East,71300,0.342,6.5,0,16100,4.7,0
AP600869,B,North,72200,0.16,0.0,2,19300,1.6,0
AP600870,A,North,64200,0.254,7.1,3,16000,3.2,1
AP600871,B,South,55800,0.43,3.0,2,5400,18.9,0
AP600872,A,North,70500,0.201,2.1,1,4300,6.2,0
AP600873,A,East,77500,0.308,13.2,0,1700,4.3,0
AP600874,A,East,27100,0.258,9.4,2,11900,9.8,0
AP600875,B,East,57100,0.381,0.8,0,5200,2.7,0
AP600876,A,West,79800,0.287,16.3,1,15300,9.5,0
AP600877,A,South,58200,0.408,5.3,1,26300,3.7,0
AP600878,A,North,89900,0.307,6.4,1,21300,6.3,0
AP600879,A,West,113700,0.322,4.1,2,34900,1.9,0
AP600880,A,South,110400,0.242,5.7,2,19500,4.9,0
AP600881,A,East,39700,0.328,6.4,1,3000,2.7,1
AP600882,A,South,65900,0.423,15.1,1,6200,5.5,0
AP600883,A,East,53500,0.325,9.8,1,22200,0.1,0
AP600884,A,West,63200,0.368,12.1,0,17800,9.6,0
AP600885,A,West,39700,0.317,12.5,0,6000,10.0,0
AP600886,A,West,64400,0.379,11.3,0,8500,4.5,0
AP600887,A,West,62600,0.276,10.8,3,23900,16.6,0
AP600888,A,East,40200,0.389,12.7,0,7000,6.4,0
AP600889,B,South,68400,0.33,5.3,2,21200,5.9,0
AP600890,B,East,18300,0.302,6.8,3,1500,5.9,0
AP600891,A,North,34400,0.211,7.6,1,15000,1.3,0
AP600892,A,South,104200,0.352,8.5,0,8100,6.9,1
AP600893,A,West,84300,0.304,10.0,0,31000,4.2,0
AP600894,A,East,50500,0.3,10.5,1,23600,2.1,0
AP600895,A,South,60200,0.344,11.9,1,21400,5.1,0
AP600896,A,East,71500,0.178,4.7,1,21100,7.3,0
AP600897,B,South,69800,0.294,0.0,3,10700,4.1,1
AP600898,A,South,22300,0.305,5.0,1,10500,10.5,0
AP600899,A,East,76400,0.298,12.4,1,15100,6.2,0
AP600900,B,South,29000,0.408,9.2,3,3500,0.8,0
AP600901,B,West,53800,0.381,12.9,1,19400,6.3,1
AP600902,A,West,60900,0.278,4.1,1,16400,13.4,0
AP600903,B,South,108500,0.315,0.0,3,4300,2.8,0
AP600904,A,North,68700,0.15,6.9,1,23800,4.2,0
AP600905,A,West,78400,0.231,6.0,1,21100,8.1,0
AP600906,A,South,63300,0.366,6.7,0,21700,3.0,0
AP600907,B,South,43500,0.249,8.8,0,19200,0.4,0
AP600908,A,South,74300,0.146,11.4,2,23600,5.0,0
AP600909,A,West,66800,0.242,14.0,1,10100,3.5,0
AP600910,B,East,62500,0.448,1.8,0,9800,1.2,0
AP600911,B,East,24200,0.293,9.6,2,7000,9.6,0
AP600912,B,South,44900,0.297,9.3,1,25500,2.0,0
AP600913,A,North,80600,0.411,9.2,0,29500,4.1,0
AP600914,B,East,52100,0.37,4.9,0,23100,4.1,0
AP600915,A,East,80100,0.391,11.9,1,14800,6.8,0
AP600916,A,South,73400,0.274,3.5,0,22500,4.7,0
AP600917,A,East,56600,0.303,8.6,1,16500,2.8,1
AP600918,A,South,66900,0.509,16.2,0,1600,3.3,1
AP600919,B,West,50100,0.481,6.6,2,19300,3.9,1
AP600920,A,North,50000,0.16,14.4,1,11300,1.5,0
AP600921,A,North,20100,0.324,9.4,0,20300,1.7,1
AP600922,B,East,82800,0.148,0.0,1,15800,4.7,0
AP600923,A,South,87500,0.295,14.0,0,26500,10.8,0
AP600924,B,East,108800,0.259,3.2,2,23300,14.2,1
AP600925,A,North,55300,0.408,8.7,0,21800,10.0,0
AP600926,A,South,59900,0.362,13.7,0,13900,12.8,0
AP600927,A,South,52400,0.294,8.1,0,28700,3.5,0
AP600928,A,North,89000,0.343,5.7,0,17000,1.0,0
AP600929,A,South,67300,0.208,6.4,0,22200,2.4,1
AP600930,A,East,55100,0.387,10.0,2,1500,7.4,0
AP600931,A,South,68300,0.223,9.5,3,11800,2.6,1
AP600932,A,West,63100,0.215,12.4,4,16700,3.5,0
AP600933,B,East,41200,0.179,4.1,0,19600,3.1,1
AP600934,B,South,60100,0.352,1.4,0,14100,2.7,1
AP600935,A,South,71900,0.322,18.3,0,17800,7.5,0
AP600936,A,East,78500,0.281,13.3,1,14500,8.6,0
AP600937,A,East,97800,0.575,7.8,0,18600,2.8,0
AP600938,A,North,71600,0.433,10.3,0,14200,5.6,0
AP600939,A,East,61400,0.325,11.9,0,12900,2.6,1
AP600940,A,West,68700,0.227,11.3,0,14100,5.4,0
AP600941,A,West,81100,0.351,4.2,3,16100,10.2,1
AP600942,B,East,60400,0.331,13.9,0,18900,1.8,0
AP600943,A,West,66700,0.418,14.4,0,27100,5.7,0
AP600944,A,North,84000,0.375,7.9,0,20500,7.8,0
AP600945,B,South,48100,0.329,7.2,2,9000,15.3,1
AP600946,A,South,75100,0.23,14.7,2,11700,6.5,0
AP600947,A,North,82400,0.177,10.2,1,16200,5.2,0
AP600948,A,South,60100,0.163,6.6,1,15900,0.9,0
AP600949,B,South,68800,0.284,7.9,3,9900,5.4,0
AP600950,B,West,91500,0.196,3.3,1,10800,1.8,0
AP600951,B,South,40700,0.074,5.0,3,25400,17.6,0
AP600952,B,West,58500,0.418,2.2,1,11000,4.5,0
AP600953,B,North,27400,0.355,4.9,1,14600,5.9,0
AP600954,B,North,46900,0.394,0.0,2,21700,3.2,1
AP600955,A,West,63100,0.3,8.8,1,20200,5.1,0
AP600956,A,East,56500,0.348,11.8,2,10200,8.2,0
AP600957,A,West,63700,0.098,6.8,0,16300,10.4,0
AP600958,A,North,52700,0.276,3.7,0,1500,2.3,0
AP600959,A,South,63100,0.357,9.1,2,10500,9.8,0
AP600960,A,North,64200,0.287,10.8,0,12800,5.9,0
AP600961,B,South,69700,0.319,2.5,1,24000,4.2,0
AP600962,A,East,45200,0.403,5.8,2,14100,3.5,1
AP600963,B,West,66900,0.222,11.6,1,16400,12.5,0
AP600964,B,East,39300,0.362,11.2,2,8800,2.6,0
AP600965,A,South,98100,0.396,11.6,1,15500,2.1,0
AP600966,A,West,69600,0.345,6.4,0,16400,13.0,0
AP600967,A,East,73200,0.353,2.7,1,15300,5.6,1
AP600968,A,North,70400,0.505,3.6,2,19500,3.5,1
AP600969,A,South,71300,0.203,4.7,0,12100,4.0,0
AP600970,B,North,56700,0.465,0.0,0,24000,3.4,1
AP600971,A,East,38800,0.283,3.1,1,11200,7.6,1
AP600972,B,North,87900,0.511,7.8,1,19000,3.5,0
AP600973,A,West,69500,0.367,11.9,1,2900,4.1,0
AP600974,A,West,72900,0.286,9.8,0,12300,0.3,0
AP600975,A,North,59800,0.443,12.0,1,1800,10.2,0
AP600976,A,West,108700,0.192,11.6,0,1500,3.6,0
AP600977,A,South,53700,0.391,12.2,1,23500,2.2,0
AP600978,A,East,88500,0.112,13.5,0,24200,3.5,0
AP600979,A,West,76600,0.233,10.5,0,22400,0.9,0
AP600980,A,South,41500,0.32,12.2,0,19300,4.7,1
AP600981,A,North,88300,0.293,6.2,2,8100,3.0,0
AP600982,A,East,62100,0.31,10.4,0,1500,1.8,0
AP600983,A,East,60900,0.277,1.2,1,12500,2.2,0
AP600984,A,North,68400,0.367,9.7,0,13500,6.6,0
AP600985,A,East,48900,0.319,8.7,0,21600,0.8,1
AP600986,A,East,65000,0.29,11.6,1,3100,3.5,0
AP600987,A,North,29400,0.32,9.3,0,19800,1.5,0
AP600988,A,South,56900,0.485,13.8,0,21100,3.4,1
AP600989,B,North,46800,0.393,3.0,0,28000,6.3,1
AP600990,A,North,69000,0.207,10.5,0,10300,6.3,0
AP600991,B,East,37400,0.137,5.1,1,13700,21.2,0
AP600992,A,North,59300,0.346,10.0,1,12100,6.7,0
AP600993,B,East,38100,0.3,1.8,1,17800,4.0,0
AP600994,A,West,78000,0.482,9.5,1,34800,2.5,0
AP600995,B,North,48300,0.441,9.1,0,13400,7.4,0
AP600996,A,North,42400,0.294,10.1,4,16900,6.9,0
AP600997,A,South,59400,0.231,9.8,1,22800,15.4,0
AP600998,B,East,75400,0.315,6.8,3,1500,8.0,0
AP600999,B,East,84400,0.357,7.4,1,16500,3.7,0
AP601000,A,South,48900,0.476,6.9,0,21800,5.6,1
AP601001,B,South,52600,0.35,1.1,2,24900,4.6,1
AP601002,A,West,56200,0.113,7.0,0,13300,7.8,0
AP601003,A,North,73500,0.324,7.4,0,12200,4.1,0
AP601004,A,South,30200,0.259,3.9,0,15500,1.7,0
AP601005,A,West,68300,0.523,10.6,1,18100,2.4,0
AP601006,B,East,76200,0.488,10.5,0,20700,7.2,0
AP601007,A,West,40800,0.036,8.9,0,18200,4.2,0
AP601008,A,South,61200,0.397,2.3,1,14400,6.9,0
AP601009,B,East,40100,0.161,3.2,1,9500,0.9,1
AP601010,A,West,29500,0.409,3.1,0,24200,3.5,0
AP601011,B,East,36600,0.336,2.5,1,25200,2.1,0
AP601012,A,East,18000,0.158,11.2,2,2500,2.1,0
AP601013,A,South,78500,0.215,10.8,1,17400,10.0,0
AP601014,A,West,66600,0.262,3.7,1,15200,2.0,0
AP601015,A,East,47400,0.437,14.7,1,19400,18.7,0
AP601016,A,West,78100,0.208,7.5,1,19000,1.2,0
AP601017,A,South,42900,0.207,8.2,1,23500,9.7,0
AP601018,B,South,66500,0.236,5.7,1,5300,14.0,0
AP601019,B,South,60700,0.296,5.9,0,19600,2.6,0
AP601020,A,West,46200,0.39,10.7,1,11800,4.8,0
AP601021,A,North,82200,0.519,4.2,1,14000,4.1,0
AP601022,A,North,59700,0.234,9.5,2,17700,9.3,0
AP601023,B,South,79500,0.403,0.0,0,34500,2.4,0
AP601024,A,East,54700,0.251,7.5,2,5800,7.2,0
AP601025,A,West,59500,0.264,12.8,1,24000,5.5,0
AP601026,A,North,84100,0.332,11.4,2,17600,6.0,0
AP601027,A,South,29900,0.33,11.0,0,24300,7.4,0
AP601028,B,East,18000,0.281,5.4,1,4400,2.0,0
AP601029,B,South,29900,0.49,6.3,3,21500,10.8,1
AP601030,A,West,81700,0.2,14.6,0,8600,3.4,0
AP601031,A,South,47900,0.108,10.0,1,21600,2.4,0
AP601032,B,South,63900,0.494,3.8,2,18100,8.6,1
AP601033,A,West,43300,0.05,4.2,0,27000,5.3,0
AP601034,A,North,81600,0.234,6.9,1,24200,2.1,0
AP601035,A,East,53000,0.326,10.5,0,13700,5.0,0
AP601036,A,West,53700,0.337,8.0,0,14200,2.2,1
AP601037,A,North,29700,0.421,6.7,1,16700,14.1,1
AP601038,B,South,47100,0.146,0.5,1,18100,4.3,1
AP601039,B,East,69300,0.458,8.1,3,13700,1.0,1
AP601040,A,West,120700,0.499,2.0,0,14200,1.9,0
AP601041,B,South,50900,0.18,0.5,3,12300,3.8,1
AP601042,B,East,68200,0.238,8.3,1,6700,2.9,1
AP601043,A,East,44300,0.325,12.9,2,18200,4.4,1
AP601044,B,East,26800,0.414,5.3,2,22200,4.7,1
AP601045,A,East,54400,0.22,5.0,0,11100,2.0,0
AP601046,B,East,76200,0.318,1.4,1,6800,2.5,0
AP601047,A,East,54800,0.212,12.2,2,22900,2.5,1
AP601048,A,North,30500,0.258,9.3,0,16100,4.5,1
AP601049,A,West,92600,0.301,5.0,1,29100,4.0,0
AP601050,A,North,46600,0.356,6.4,1,7400,14.5,1
AP601051,A,North,56700,0.371,8.5,1,21100,12.2,0
AP601052,A,South,62800,0.205,6.6,2,8500,2.4,0
AP601053,A,West,68500,0.42,5.9,0,20400,10.5,0
AP601054,A,West,60600,0.42,14.2,1,23800,2.0,0
AP601055,A,West,68100,0.428,8.9,2,21800,3.8,0
AP601056,B,East,42100,0.357,7.9,1,14300,9.8,0
AP601057,A,South,48400,0.116,6.1,0,9100,2.4,1
AP601058,A,North,97400,0.382,10.2,0,6400,6.0,0
AP601059,A,North,51500,0.249,6.2,1,28100,2.9,0
AP601060,A,South,48000,0.472,9.4,1,18900,10.8,1
AP601061,B,South,40300,0.339,0.4,0,19600,4.4,0
AP601062,B,East,68100,0.067,10.5,2,12900,1.0,0
AP601063,A,South,77800,0.337,20.8,0,10100,3.8,0
AP601064,A,East,35300,0.476,11.5,1,11300,7.4,0
AP601065,A,West,70700,0.234,9.5,1,16500,10.4,0
AP601066,B,South,53000,0.341,6.4,2,11200,3.1,0
AP601067,A,West,62200,0.339,9.6,0,16100,0.6,0
AP601068,A,North,48700,0.56,4.0,1,13300,5.6,1
AP601069,A,North,74700,0.253,15.9,0,17500,11.0,0
AP601070,A,South,56200,0.213,8.4,0,22100,6.3,0
AP601071,A,East,50200,0.319,12.6,1,15500,4.0,0
AP601072,B,East,47000,0.23,2.7,3,33200,3.3,0
AP601073,A,East,22800,0.328,7.9,1,1500,5.2,0
AP601074,B,East,88200,0.115,9.8,4,19100,2.8,1
AP601075,A,West,57200,0.071,1.8,0,10200,2.0,0
AP601076,A,North,54900,0.305,7.2,0,4100,0.9,0
AP601077,B,South,103000,0.231,4.6,1,14700,16.9,0
AP601078,A,North,66200,0.297,5.1,2,23700,1.5,0
AP601079,A,South,87400,0.29,6.6,1,10800,3.9,0
AP601080,A,South,86000,0.357,6.4,1,20500,2.8,0
AP601081,A,East,51000,0.271,2.5,0,18300,3.0,1
AP601082,A,East,18000,0.406,16.0,0,13200,5.3,1
AP601083,A,South,18700,0.198,5.1,0,16200,7.5,1
AP601084,B,South,58900,0.422,0.9,1,17000,6.7,1
AP601085,A,East,29200,0.414,14.1,2,14800,3.7,0
AP601086,B,East,83200,0.356,1.7,3,22800,5.9,1
AP601087,A,North,36800,0.342,5.6,1,16300,12.0,0
AP601088,B,South,42500,0.381,6.7,2,6400,3.6,0
AP601089,A,South,80400,0.316,8.3,0,23900,5.0,0
AP601090,A,East,81500,0.178,11.9,0,12100,6.7,1
AP601091,B,East,46300,0.284,0.1,1,23000,2.1,0
AP601092,B,East,95700,0.253,5.1,2,21000,8.4,1
AP601093,B,East,88800,0.204,1.9,1,22400,11.2,0
AP601094,B,North,63700,0.41,1.6,3,5200,2.2,1
AP601095,B,East,28600,0.08,0.0,1,28500,0.3,1
AP601096,A,East,53500,0.347,9.6,0,6200,6.2,0
AP601097,A,West,77600,0.29,14.5,1,24500,4.1,0
AP601098,A,East,45000,0.277,3.9,3,24200,0.6,1
AP601099,A,East,73900,0.178,9.2,1,11300,2.3,0
AP601100,A,South,86000,0.449,21.5,0,9600,6.1,0
AP601101,B,South,84000,0.436,6.6,1,15500,6.6,0
AP601102,B,East,55400,0.228,13.7,1,9200,3.6,0
AP601103,A,East,35800,0.401,12.4,1,15800,1.2,0
AP601104,A,West,75000,0.207,7.0,0,23500,6.0,0
AP601105,A,West,62200,0.051,12.4,0,11200,5.9,0
AP601106,A,North,72800,0.282,10.8,0,4800,4.7,0
AP601107,A,South,49500,0.174,0.0,1,12300,9.6,0
AP601108,B,South,61700,0.26,7.8,4,18300,1.4,0
AP601109,A,East,40400,0.479,10.7,0,12300,4.5,1
AP601110,B,West,62200,0.268,6.8,1,18200,8.2,0
AP601111,B,East,68600,0.111,6.0,2,20600,11.2,0
AP601112,A,North,110100,0.345,6.0,1,7600,4.1,0
AP601113,A,West,84500,0.284,9.2,0,23000,7.2,0
AP601114,A,West,77900,0.238,5.0,0,20800,9.2,0
AP601115,B,South,59600,0.365,5.2,0,17400,3.9,0
AP601116,B,South,59100,0.392,10.1,3,6300,16.8,0
AP601117,A,East,44800,0.291,0.0,0,15600,7.2,1
AP601118,B,East,39500,0.465,5.3,2,14100,14.2,1
AP601119,B,South,20400,0.225,4.9,2,13400,5.4,0
AP601120,A,North,54300,0.377,9.9,0,20100,7.4,1
AP601121,B,South,18000,0.445,5.9,1,14500,4.6,1
AP601122,A,North,79700,0.344,9.9,0,25900,4.2,0
AP601123,B,East,76100,0.392,6.4,2,22000,4.3,0
AP601124,B,East,30700,0.425,9.4,2,9400,1.7,0
AP601125,A,North,84200,0.353,7.7,0,4300,1.3,0
AP601126,A,West,78400,0.304,9.4,0,16900,10.3,0
AP601127,A,East,49900,0.272,5.6,1,19900,8.2,0
AP601128,B,North,42700,0.399,3.0,1,25700,4.8,1
AP601129,A,North,38500,0.273,9.0,0,4200,3.1,0
AP601130,A,East,84100,0.395,16.2,1,11000,5.4,1
AP601131,A,West,59600,0.317,7.8,0,22900,6.3,1
AP601132,A,East,83700,0.297,10.7,1,23100,0.2,0
AP601133,A,North,42000,0.252,9.5,1,18600,2.8,0
AP601134,A,South,94800,0.234,8.5,1,13600,5.8,0
AP601135,A,East,58700,0.243,5.2,0,12300,1.3,0
AP601136,A,South,50400,0.234,9.8,0,5700,5.8,0
AP601137,A,West,84300,0.248,6.4,0,24600,10.0,0
AP601138,A,West,18000,0.192,6.5,1,25100,3.6,1
AP601139,A,West,36400,0.411,8.8,2,19500,12.5,0
AP601140,B,South,76400,0.427,5.2,2,8900,9.5,0
AP601141,A,North,60600,0.485,6.0,0,11100,3.8,0
AP601142,A,East,87300,0.285,8.2,0,13900,2.9,0
AP601143,B,South,38700,0.349,6.1,1,12400,5.7,1
AP601144,A,South,55900,0.199,8.0,0,19200,2.3,0
AP601145,A,South,88200,0.423,8.6,2,22800,17.2,1
AP601146,A,East,18800,0.268,7.8,1,16300,6.9,0
AP601147,A,East,86900,0.213,12.4,1,19500,4.8,0
AP601148,B,South,67500,0.417,1.3,0,25100,2.3,0
AP601149,B,North,55600,0.51,1.5,3,16300,3.2,1
AP601150,A,West,78100,0.2,9.2,0,14100,2.1,0
AP601151,B,South,34700,0.274,2.0,1,22700,2.1,0
AP601152,A,East,35800,0.22,13.3,1,12700,2.7,0
AP601153,B,East,59100,0.343,8.5,2,23100,4.2,0
AP601154,A,West,61500,0.323,9.3,0,17600,9.4,0
AP601155,B,East,48000,0.346,3.7,1,8300,3.3,1
AP601156,A,South,62300,0.373,10.3,1,28800,0.9,0
AP601157,B,North,36600,0.266,5.8,3,10600,4.8,0
AP601158,A,West,40200,0.349,12.5,1,18800,8.4,0
AP601159,A,East,69400,0.209,6.0,2,18400,6.1,0
AP601160,A,South,63100,0.407,11.8,0,8700,6.8,0
AP601161,B,South,18000,0.346,7.5,1,28200,2.8,1
AP601162,A,North,82500,0.365,2.7,1,12000,14.3,0
AP601163,A,South,103000,0.365,17.3,0,10700,6.6,0
AP601164,A,East,85300,0.309,13.8,0,30400,9.5,0
AP601165,B,East,73500,0.073,7.1,0,5900,9.2,0
AP601166,A,West,33900,0.283,10.0,0,13300,4.1,0
AP601167,A,South,55800,0.316,13.6,0,16100,2.7,0
AP601168,A,West,54600,0.193,10.1,0,23100,3.5,0
AP601169,A,South,69200,0.264,5.3,0,21600,4.3,1
AP601170,B,East,72500,0.299,2.0,1,22300,16.3,0
AP601171,A,North,72700,0.44,15.9,0,12600,6.2,0
AP601172,A,East,48200,0.461,14.3,1,20000,7.4,0
AP601173,A,East,78600,0.424,5.7,2,20800,21.4,0
AP601174,A,West,39300,0.186,9.4,0,12800,6.0,0
AP601175,B,North,63600,0.27,6.2,1,15500,1.1,0
AP601176,A,East,87300,0.197,15.4,1,9600,3.3,0
AP601177,B,North,89600,0.487,0.2,1,23900,11.4,1
AP601178,A,East,68300,0.241,12.7,1,14800,1.7,1
AP601179,A,East,61200,0.193,9.9,0,13300,19.5,0
AP601180,A,North,49100,0.332,6.0,3,16300,1.3,1
AP601181,A,East,105400,0.217,9.6,3,1800,2.3,0
AP601182,A,South,29300,0.315,12.7,0,3300,3.9,0
AP601183,B,South,44100,0.46,4.7,1,18400,2.8,0
AP601184,A,West,49900,0.342,3.9,0,18400,7.1,1
AP601185,A,South,81300,0.464,3.4,0,16200,15.1,0
AP601186,A,West,74600,0.204,14.8,1,6100,2.9,1
AP601187,A,South,26200,0.392,8.1,0,5800,13.4,0
AP601188,B,East,85500,0.16,5.2,0,20600,1.3,0
AP601189,A,West,55000,0.31,13.3,0,24900,6.5,1
AP601190,A,West,43000,0.336,11.3,1,12800,3.2,0
AP601191,B,East,82700,0.424,0.8,1,27600,11.5,0
AP601192,A,South,49200,0.368,2.3,1,12800,3.2,0
AP601193,B,East,44800,0.419,3.4,4,17000,5.1,0
AP601194,A,North,64300,0.249,11.8,0,21500,4.9,0
AP601195,A,West,71700,0.417,7.8,1,19400,5.7,1
AP601196,B,East,76900,0.432,3.9,1,20300,10.5,1
AP601197,A,North,94900,0.376,0.0,1,11500,1.9,1
AP601198,B,South,42000,0.297,2.9,0,16500,7.1,1
AP601199,A,North,69500,0.307,7.0,1,13100,1.7,0
AP601200,A,West,59400,0.122,7.2,2,16500,2.4,0
AP601201,A,South,64500,0.355,6.3,1,16800,5.3,0
AP601202,A,South,27300,0.315,9.8,1,24700,1.3,0
AP601203,A,North,72000,0.301,10.6,0,8200,21.3,0
AP601204,B,South,32000,0.305,6.1,2,20200,1.9,0
AP601205,A,East,70900,0.325,11.9,1,13700,3.3,0
AP601206,A,West,30600,0.232,3.8,0,23600,9.0,0
AP601207,A,West,110800,0.373,13.2,1,10700,12.6,0
AP601208,B,South,75400,0.408,6.4,0,6700,1.1,0
AP601209,B,South,48300,0.299,8.9,1,23600,6.4,0
AP601210,A,South,61200,0.326,2.7,2,20900,2.9,0
AP601211,B,South,83900,0.313,2.5,2,20200,4.9,0
AP601212,A,East,86200,0.25,8.5,1,17800,1.2,0
AP601213,A,South,51600,0.03,7.6,1,33700,8.0,0
AP601214,A,West,69100,0.365,10.8,0,23200,5.2,0
AP601215,A,South,34300,0.454,15.0,0,15000,1.6,0
AP601216,A,South,62800,0.422,11.2,0,20600,3.5,0
AP601217,A,South,21200,0.205,7.7,1,27500,1.0,1
AP601218,A,East,93100,0.184,7.1,0,25200,4.4,0
AP601219,A,South,73700,0.377,9.0,0,10300,12.3,0
AP601220,A,West,98000,0.254,8.3,1,27100,10.8,0
AP601221,A,West,59900,0.388,9.3,2,6700,4.9,0
AP601222,A,North,21000,0.437,14.9,1,23300,13.2,0
AP601223,A,West,44600,0.35,14.7,1,13100,4.6,1
AP601224,B,South,44700,0.438,6.6,0,8800,2.6,0
AP601225,A,North,90200,0.261,9.3,1,16700,4.0,0
AP601226,A,West,36500,0.267,9.6,1,10700,3.1,0
AP601227,A,South,41700,0.103,10.9,1,13600,11.3,0
AP601228,B,South,84500,0.396,6.3,1,17600,8.8,0
AP601229,A,West,18000,0.304,7.2,1,7600,12.9,0
AP601230,A,East,35200,0.353,11.5,1,29700,11.6,0
AP601231,A,East,90000,0.301,10.8,2,22200,16.9,0
AP601232,A,North,84600,0.335,6.5,1,9900,12.5,0
AP601233,B,East,28700,0.168,2.7,2,20100,7.2,1
AP601234,A,West,54800,0.474,10.9,1,19700,3.4,0
AP601235,A,South,90900,0.201,12.5,1,20100,1.7,0
AP601236,A,West,70400,0.247,9.7,0,22300,11.3,0
AP601237,B,South,44400,0.461,2.4,2,19000,4.7,1
AP601238,A,East,44400,0.222,7.3,1,15300,5.7,0
AP601239,A,South,67100,0.183,5.9,2,15400,12.8,1
AP601240,A,South,32600,0.318,5.0,1,7700,4.4,0
AP601241,A,North,76700,0.254,6.1,1,18900,1.4,1
AP601242,B,West,81100,0.178,7.8,1,11900,8.7,0
AP601243,A,South,76600,0.214,9.4,2,21700,2.5,0
AP601244,A,East,57700,0.242,4.3,1,9000,2.8,0
AP601245,B,South,51700,0.139,0.4,1,10900,14.3,0
AP601246,B,South,62100,0.292,2.4,2,14200,7.3,0
AP601247,A,North,66400,0.227,5.2,1,11400,1.3,1
AP601248,A,West,101900,0.21,10.8,1,18400,6.5,0
AP601249,A,West,78900,0.361,8.7,0,20000,3.5,0
AP601250,B,North,40100,0.437,1.4,2,23100,6.8,1
AP601251,A,North,21900,0.319,5.0,2,19200,24.1,1
AP601252,B,West,89400,0.306,2.9,0,9500,3.7,0
AP601253,A,West,51000,0.294,9.3,1,19900,5.0,0
AP601254,A,East,56900,0.252,10.6,1,5300,6.7,0
AP601255,B,North,58600,0.424,3.5,2,16900,6.9,0
AP601256,A,South,40400,0.221,6.4,2,7000,7.4,0
AP601257,A,South,60000,0.365,9.3,0,10600,2.0,1
AP601258,B,East,70200,0.435,0.0,1,18100,7.1,1
AP601259,B,South,102600,0.285,4.2,0,3700,10.4,0
AP601260,A,East,54600,0.359,3.2,1,14200,30.9,0
AP601261,A,West,70600,0.149,13.6,0,16500,2.4,0
AP601262,A,West,55100,0.213,10.3,1,13000,6.3,0
AP601263,A,East,28900,0.212,7.7,0,12300,2.7,0
AP601264,A,North,69700,0.213,6.1,0,9400,13.7,0
AP601265,A,West,21600,0.292,7.7,0,10600,6.8,0
AP601266,A,North,88200,0.193,10.4,0,22600,7.3,0
AP601267,B,South,41700,0.389,6.2,0,15300,2.9,0
AP601268,A,East,63000,0.437,12.9,0,10100,12.9,0
AP601269,A,East,72300,0.365,6.8,0,20800,3.2,0
AP601270,B,East,54200,0.162,0.7,1,28900,5.2,1
AP601271,B,South,51900,0.223,7.5,2,10700,6.6,0
AP601272,A,East,32100,0.342,5.2,0,26400,1.6,0
AP601273,A,East,43900,0.302,13.0,0,12800,14.8,1
AP601274,B,East,75200,0.364,3.2,1,22100,7.9,0
AP601275,A,North,85100,0.1,5.5,0,18200,4.4,0
AP601276,A,South,45400,0.361,12.4,1,2100,8.4,1
AP601277,A,South,45400,0.246,7.9,0,1800,6.7,0
AP601278,A,South,69500,0.345,5.1,0,18000,1.4,1
AP601279,B,South,82000,0.353,2.7,1,16300,2.0,0
AP601280,A,South,29300,0.333,3.6,0,17600,7.3,0
AP601281,A,South,35500,0.229,5.4,2,18700,8.2,1
AP601282,A,West,54700,0.235,6.3,0,19500,1.9,1
AP601283,A,North,56300,0.104,11.7,0,12900,4.3,0
AP601284,A,West,110400,0.157,8.3,1,2800,7.6,0
AP601285,B,South,42800,0.463,2.6,1,14000,4.7,1
AP601286,A,East,37900,0.466,12.4,1,17500,4.6,0
AP601287,A,North,55900,0.074,7.5,0,19200,25.3,0
AP601288,A,West,27300,0.303,7.1,0,12600,3.5,0
AP601289,A,South,60900,0.282,10.9,0,16500,5.8,0
AP601290,B,East,41500,0.346,0.0,0,13600,9.7,1
AP601291,A,East,39200,0.447,9.0,0,19900,6.0,0
AP601292,A,South,72300,0.226,14.2,1,3900,2.9,0
AP601293,B,South,62100,0.196,3.3,3,22700,7.2,0
AP601294,B,East,44800,0.487,0.7,2,11900,13.8,1
AP601295,A,West,24400,0.467,6.9,4,26200,1.8,1
AP601296,A,North,33400,0.339,15.2,1,10900,0.4,0
AP601297,A,North,57400,0.379,10.0,0,6400,1.0,0
AP601298,A,North,40600,0.215,9.4,2,26900,3.7,0
AP601299,A,South,75800,0.475,9.1,1,9400,4.7,0
AP601300,B,East,68300,0.424,5.0,3,18900,5.1,0
AP601301,A,West,79200,0.396,14.0,1,14200,5.8,0
AP601302,A,West,26500,0.338,12.1,0,16500,1.5,0
AP601303,B,South,72700,0.365,0.0,1,16500,11.0,0
AP601304,A,South,54100,0.256,9.7,1,17800,6.6,0
AP601305,A,North,100000,0.275,17.3,0,11000,10.1,0
AP601306,A,East,84900,0.254,3.5,0,21700,7.1,0
AP601307,A,West,60200,0.162,11.5,0,8800,4.3,0
AP601308,B,South,31600,0.402,3.3,2,13200,15.8,0
AP601309,A,West,54700,0.477,10.2,1,18900,7.4,1
AP601310,A,West,50300,0.613,9.5,0,19600,2.5,1
AP601311,A,West,84000,0.269,10.3,1,15900,13.0,0
AP601312,B,North,85600,0.468,4.6,4,23900,0.8,0
AP601313,A,South,54600,0.336,9.7,0,17100,2.1,1
AP601314,A,West,50800,0.363,14.7,1,10900,7.9,0
AP601315,A,North,79000,0.295,15.6,0,18600,8.0,0
AP601316,B,South,18400,0.261,6.8,2,13900,4.2,1
AP601317,A,North,59200,0.218,8.4,0,14400,2.3,0
AP601318,A,North,57400,0.229,5.1,1,14900,12.9,0
AP601319,B,East,49400,0.43,2.4,0,3300,5.6,1
AP601320,A,East,71900,0.265,8.2,0,6100,10.4,0
AP601321,B,South,35000,0.358,8.4,0,14800,6.3,0
AP601322,A,North,70800,0.428,8.2,0,10700,1.3,0
AP601323,A,East,56400,0.252,7.2,0,1500,4.7,1
AP601324,B,West,71500,0.164,3.3,0,11800,6.6,0
AP601325,A,West,83500,0.62,11.1,6,25000,12.2,1
AP601326,A,West,38900,0.259,6.1,0,9600,1.6,0
AP601327,A,North,81000,0.44,10.9,0,7700,3.0,0
AP601328,A,West,55700,0.376,9.4,0,8000,6.6,0
AP601329,A,North,71900,0.289,10.7,2,12100,5.4,0
AP601330,A,North,49600,0.234,10.2,2,10000,0.7,0
AP601331,B,West,98500,0.297,5.6,1,8300,2.4,0
AP601332,A,South,62900,0.271,4.6,0,13900,16.2,0
AP601333,A,North,39400,0.344,10.6,0,17800,9.6,0
AP601334,A,East,53000,0.048,9.9,0,21900,3.0,0
AP601335,B,South,59700,0.266,9.0,1,34500,6.7,0
AP601336,B,South,51500,0.087,1.6,1,24000,9.8,0
AP601337,B,South,101900,0.356,8.2,0,21300,2.1,0
AP601338,B,South,75000,0.327,5.1,1,16700,3.9,0
AP601339,A,West,93100,0.173,7.1,2,10200,4.8,0
AP601340,B,South,84700,0.03,3.0,3,13100,1.9,0
AP601341,A,South,59300,0.233,16.1,1,7800,3.1,0
AP601342,B,East,57000,0.506,4.0,1,13200,4.2,1
AP601343,A,North,58800,0.058,7.1,0,4400,5.4,0
AP601344,A,North,51100,0.318,17.5,2,14600,20.7,0
AP601345,A,East,76900,0.353,14.8,0,12700,4.1,0
AP601346,A,South,87800,0.343,11.1,1,13100,7.4,0
AP601347,A,South,85800,0.436,8.8,0,17600,1.2,1
AP601348,A,West,55600,0.247,9.1,3,10200,2.6,0
AP601349,A,North,61400,0.283,4.8,2,16800,3.5,0
AP601350,A,East,65500,0.4,4.3,1,13100,0.8,1
AP601351,A,East,71600,0.093,5.5,1,23400,0.7,1
AP601352,A,West,62700,0.206,10.6,1,18200,18.3,0
AP601353,A,East,50200,0.259,8.2,0,22700,1.3,0
AP601354,A,North,87300,0.118,5.3,0,15300,2.9,0
AP601355,B,East,62200,0.339,4.0,1,24100,4.6,1
AP601356,A,West,51000,0.453,6.6,2,20400,2.7,0
AP601357,B,South,35000,0.322,0.0,2,27300,6.6,0
AP601358,A,South,62000,0.12,3.3,0,8100,2.0,0
AP601359,B,West,44500,0.462,5.1,4,11500,5.7,0
AP601360,A,North,46100,0.281,6.5,3,3700,3.5,0
AP601361,A,South,48600,0.348,9.9,0,22600,0.5,0
AP601362,A,West,50000,0.314,8.3,0,3900,3.3,0
AP601363,A,North,68400,0.427,11.3,1,4600,13.0,0
AP601364,B,East,53800,0.384,1.7,3,18300,3.4,0
AP601365,B,South,65600,0.151,0.0,3,19500,6.7,1
AP601366,A,South,28000,0.314,10.1,0,11200,4.0,0
AP601367,A,South,53500,0.311,4.7,1,15700,8.5,0
AP601368,A,North,67500,0.366,12.6,2,17400,9.7,0
AP601369,A,North,49100,0.402,8.3,2,24400,3.4,0
AP601370,A,South,102100,0.484,9.8,0,12200,3.7,0
AP601371,B,East,59300,0.277,7.7,0,10900,0.7,0
AP601372,B,West,58600,0.392,3.4,0,27000,5.6,0
AP601373,B,South,18000,0.317,9.0,2,11800,2.7,0
AP601374,A,West,76700,0.234,12.6,0,18000,8.0,0
AP601375,A,North,102500,0.353,6.7,0,6100,5.2,0
AP601376,A,North,99700,0.313,13.0,0,20800,4.6,0
AP601377,B,South,43200,0.37,3.9,0,11800,5.4,1
AP601378,A,North,67300,0.272,12.7,1,14000,8.1,0
AP601379,B,East,43800,0.313,5.0,1,10400,2.8,0
AP601380,A,East,115500,0.269,8.0,1,10700,8.5,0
AP601381,B,South,37600,0.247,9.1,2,24800,10.7,0
AP601382,B,South,18100,0.375,7.5,2,23000,8.1,1
AP601383,A,East,79300,0.241,8.5,1,12500,3.1,0
AP601384,A,West,79600,0.167,3.9,1,8000,8.6,0
AP601385,A,East,94100,0.177,10.1,1,28500,2.9,0
AP601386,A,East,29500,0.144,10.4,1,26300,6.2,0
AP601387,B,East,27800,0.298,3.8,2,8500,16.4,0
AP601388,A,West,52000,0.253,8.1,0,19300,6.1,0
AP601389,B,South,55900,0.288,4.7,3,21600,0.7,1
AP601390,B,East,82100,0.21,11.2,2,8000,9.2,0
AP601391,A,East,45000,0.267,14.1,0,23000,2.6,0
AP601392,B,East,60000,0.32,6.3,2,5200,14.0,0
AP601393,A,West,31200,0.166,14.3,1,12300,3.6,1
AP601394,A,North,97000,0.22,5.9,0,16300,6.1,0
AP601395,A,North,49500,0.077,7.7,2,21800,14.6,0
AP601396,B,East,41200,0.446,2.3,3,15500,10.8,0
AP601397,A,West,72700,0.37,14.1,1,20600,5.9,0
AP601398,A,East,35500,0.281,6.2,2,23600,4.8,1
AP601399,B,South,18000,0.447,13.1,0,18300,3.1,0
AP601400,B,South,52700,0.302,5.8,0,11800,2.9,1
AP601401,A,West,66100,0.566,7.4,1,15100,6.0,1
AP601402,A,West,65500,0.48,9.6,3,1600,5.4,0
AP601403,B,South,71700,0.294,1.5,0,15600,12.2,0
AP601404,B,South,39300,0.469,8.1,3,20800,7.2,0
AP601405,A,West,79400,0.317,9.5,0,2400,3.7,0
AP601406,B,East,55800,0.448,4.0,1,9500,7.4,0
AP601407,A,West,67200,0.45,7.5,0,20100,4.7,0
AP601408,B,South,26600,0.295,1.5,1,15100,1.0,0
AP601409,A,North,61200,0.307,3.8,1,16500,13.4,0
AP601410,A,South,66200,0.251,6.3,0,13300,2.9,0
AP601411,A,South,46700,0.262,13.1,0,12600,17.2,0
AP601412,B,East,43800,0.27,1.2,1,15000,10.1,0
AP601413,B,East,53600,0.173,6.8,0,1500,4.7,0
AP601414,A,West,112800,0.3,2.9,0,19600,2.6,0
AP601415,B,North,73700,0.39,5.6,1,11200,1.9,0
AP601416,B,South,58500,0.222,1.0,0,21400,3.2,1
AP601417,A,North,85100,0.247,10.2,2,2900,5.4,1
AP601418,A,East,49500,0.372,15.1,2,8100,4.5,0
AP601419,B,South,50000,0.288,3.6,0,22700,6.0,1
AP601420,A,East,45300,0.241,10.7,0,15800,5.2,0
AP601421,A,North,51800,0.394,3.8,1,19000,6.4,1
AP601422,A,South,67300,0.369,8.8,0,19900,7.3,0
AP601423,A,East,51600,0.104,8.2,1,25600,8.3,0
AP601424,B,South,32000,0.371,6.5,1,22000,10.9,0
AP601425,A,West,57300,0.304,6.1,2,16100,1.7,1
AP601426,A,South,60000,0.247,10.3,0,23100,1.2,0
AP601427,A,West,75200,0.311,6.3,2,16700,3.5,0
AP601428,A,North,59800,0.33,6.4,1,20800,2.1,0
AP601429,B,North,54700,0.33,4.4,0,4900,4.3,0
AP601430,A,South,46600,0.366,8.5,2,12700,13.5,0
AP601431,A,South,77300,0.372,9.0,2,12800,3.7,0
AP601432,A,East,18000,0.323,13.0,0,17200,2.9,0
AP601433,A,East,56700,0.375,6.7,0,11800,9.3,0
AP601434,B,East,57200,0.265,8.7,1,13100,10.4,0
AP601435,B,South,52200,0.193,3.9,1,20100,20.6,0
AP601436,B,East,89400,0.282,11.4,1,15000,1.6,0
AP601437,B,South,30300,0.269,4.1,2,1500,8.3,0
AP601438,A,West,61300,0.344,9.8,0,12200,16.4,0
AP601439,A,West,70300,0.123,17.3,3,18200,14.2,0
AP601440,A,North,49800,0.18,10.7,2,3300,6.8,0
AP601441,A,South,56500,0.328,8.8,0,37900,3.4,0
AP601442,A,East,77200,0.335,8.5,0,12900,1.1,0
AP601443,A,South,91000,0.274,4.5,0,10700,4.6,1
AP601444,B,West,48300,0.374,0.0,0,8300,5.6,1
AP601445,B,East,55300,0.235,5.9,1,22100,3.9,1
AP601446,B,East,54900,0.311,3.1,2,14500,1.3,0
AP601447,A,West,34400,0.321,6.4,0,19200,10.8,1
AP601448,B,East,65100,0.293,6.9,1,25600,4.0,0
AP601449,B,South,48700,0.219,2.5,0,11500,2.4,0
AP601450,A,West,39200,0.144,10.6,0,10800,5.3,0
AP601451,B,West,52300,0.435,5.3,2,15200,3.3,1
AP601452,B,South,49000,0.161,5.7,1,28700,1.0,0
AP601453,A,North,51100,0.252,7.1,2,17500,2.9,0
AP601454,B,South,50600,0.274,5.5,1,26000,9.1,0
AP601455,B,South,43800,0.414,7.3,2,23400,3.5,1
AP601456,B,South,63500,0.259,7.0,3,1500,6.5,0
AP601457,A,South,54300,0.18,10.4,1,17700,16.7,1
AP601458,A,East,96400,0.215,12.5,0,11500,11.7,0
AP601459,A,West,43600,0.137,7.0,1,29100,3.1,0
AP601460,A,South,86900,0.436,13.8,0,23700,2.9,0
AP601461,A,North,36500,0.434,14.1,0,28600,10.5,0
AP601462,A,East,58800,0.223,5.2,0,14800,3.7,0
AP601463,A,East,74200,0.212,4.0,0,14300,7.0,0
AP601464,A,East,32100,0.267,8.6,2,21800,2.2,0
AP601465,A,South,36900,0.475,12.9,1,6300,10.5,0
AP601466,A,North,64600,0.229,3.2,1,5100,3.6,0
AP601467,A,East,87700,0.363,7.7,0,24700,5.0,0
AP601468,B,East,46200,0.339,0.8,3,9500,2.0,0
AP601469,A,North,75000,0.162,11.8,1,22300,1.1,0
AP601470,B,West,62500,0.302,6.1,2,3500,3.4,0
AP601471,A,South,90000,0.368,8.9,0,9300,8.4,0
AP601472,B,East,31500,0.287,0.0,1,24200,11.1,1
AP601473,A,East,69200,0.333,7.6,2,18100,4.9,0
AP601474,A,East,86600,0.238,7.0,1,13900,0.4,0
AP601475,B,North,61300,0.194,8.5,1,1500,5.1,0
AP601476,B,South,47400,0.163,2.5,1,28700,2.6,0
AP601477,A,West,41100,0.381,15.7,1,13400,8.5,1
AP601478,B,South,34500,0.368,1.3,1,19200,6.8,0
AP601479,A,South,72400,0.268,10.5,0,2400,4.2,0
AP601480,A,South,69400,0.322,11.6,0,13100,7.7,0
AP601481,A,West,108000,0.325,5.1,1,9800,4.3,1
AP601482,A,East,57100,0.327,11.1,0,14900,5.2,0
AP601483,A,South,32600,0.209,9.7,0,23700,3.6,0
AP601484,A,West,78800,0.079,13.8,1,8000,3.5,0
AP601485,B,East,65300,0.299,0.2,1,20500,3.5,0
AP601486,A,West,53400,0.32,10.5,0,17500,8.4,1
AP601487,A,North,67800,0.355,7.0,1,21900,2.5,0
AP601488,A,North,82300,0.251,6.3,1,21300,16.0,0
AP601489,A,East,48500,0.371,8.5,1,14900,2.2,0
AP601490,A,East,30200,0.316,9.7,1,18400,8.1,0
AP601491,A,West,48800,0.389,6.0,0,15200,5.5,0
AP601492,A,West,55500,0.29,9.4,0,34000,1.3,0
AP601493,A,South,55800,0.406,7.0,0,18200,5.5,0
AP601494,A,East,38300,0.425,14.9,0,24700,4.2,0
AP601495,B,South,76100,0.177,7.8,3,9400,3.8,1
AP601496,A,West,57600,0.229,6.0,0,12500,5.6,0
AP601497,B,East,71600,0.313,10.9,0,24500,4.2,0
AP601498,A,West,70100,0.121,8.0,2,10800,1.9,1
AP601499,B,South,49400,0.29,8.6,2,12900,6.2,0
AP601500,B,East,66900,0.441,6.3,2,12700,12.4,0
AP601501,B,South,59700,0.326,11.5,1,18100,3.2,0
AP601502,A,North,40600,0.102,5.4,2,25700,4.0,1
AP601503,A,West,51600,0.231,13.2,1,18200,1.8,0
AP601504,B,East,76300,0.142,6.3,2,17200,2.2,0
AP601505,A,North,76900,0.25,8.9,3,20300,3.9,0
AP601506,A,West,96100,0.272,5.3,0,12500,2.5,0
AP601507,A,East,64400,0.283,8.2,0,10400,1.5,0
AP601508,B,South,55700,0.274,1.3,0,17300,5.0,1
AP601509,A,East,44200,0.32,4.0,1,22300,10.1,0
AP601510,B,East,39600,0.449,3.5,2,11800,3.4,1
AP601511,A,West,38000,0.262,6.5,2,18000,26.1,0
AP601512,A,West,73800,0.109,11.9,0,15500,4.2,0
AP601513,B,East,42600,0.261,4.0,2,22800,5.2,1
AP601514,A,South,67400,0.216,10.2,0,2500,8.8,0
AP601515,B,South,49500,0.324,1.8,2,20300,4.4,1
AP601516,B,North,56200,0.287,7.1,3,12400,3.9,1
AP601517,B,East,65200,0.252,4.6,0,14400,2.8,0
AP601518,A,South,70900,0.241,11.4,2,4200,4.2,0
AP601519,A,North,47700,0.358,7.6,1,19300,19.8,0
AP601520,B,East,53800,0.287,6.0,1,21500,1.0,0
AP601521,B,North,73400,0.257,0.0,1,9300,3.3,0
AP601522,A,East,58800,0.399,12.2,1,37600,6.5,0
AP601523,A,South,89200,0.224,10.9,1,13200,13.0,0
AP601524,B,East,94200,0.231,9.3,0,19400,3.5,0
AP601525,B,South,71600,0.296,6.0,3,8700,6.6,0
AP601526,A,East,68800,0.456,14.7,2,26400,0.8,0
AP601527,A,North,34900,0.382,10.7,2,11100,1.8,0
AP601528,A,North,81200,0.148,12.4,1,21300,6.1,0
AP601529,A,East,38800,0.355,7.5,2,10500,10.8,0
AP601530,B,East,97800,0.075,11.4,1,25400,9.5,0
AP601531,A,East,77700,0.177,9.0,1,11200,7.2,0
AP601532,B,East,69000,0.372,6.9,1,15700,3.2,1
AP601533,A,West,55100,0.449,6.9,0,15900,10.3,0
AP601534,B,East,29800,0.592,4.2,3,13900,2.9,1
AP601535,A,West,82300,0.361,9.5,0,17100,2.8,0
AP601536,A,South,54200,0.263,3.8,1,13300,6.1,0
AP601537,A,East,83400,0.124,7.3,0,26600,9.0,0
AP601538,A,South,77500,0.193,6.4,0,1500,1.5,0
AP601539,A,North,70000,0.35,6.4,1,5600,8.3,0
AP601540,B,East,68800,0.351,8.6,2,13700,3.4,0
AP601541,A,South,63000,0.468,5.7,0,27400,4.8,0
AP601542,B,East,63100,0.408,6.8,1,12600,4.6,0
AP601543,A,North,41200,0.166,11.1,1,22100,1.9,0
AP601544,A,East,52100,0.361,7.7,1,8500,10.9,0
AP601545,A,East,52700,0.209,0.8,0,14100,14.2,0
AP601546,A,East,70200,0.307,11.1,3,15400,8.6,0
AP601547,B,East,63600,0.517,1.0,0,18600,7.2,1
AP601548,A,South,68800,0.253,11.3,1,12400,2.9,0
AP601549,B,South,105200,0.356,6.9,3,22300,2.9,0
AP601550,B,South,69800,0.318,6.7,2,17000,6.3,1
AP601551,B,South,48300,0.297,9.6,0,27500,7.9,1
AP601552,A,West,62500,0.217,13.9,0,9000,13.5,0
AP601553,B,North,59100,0.31,1.0,1,9800,1.5,0
AP601554,B,East,40000,0.092,7.7,2,25900,2.3,0
AP601555,A,South,93100,0.388,8.2,1,20500,5.3,0
AP601556,A,West,75000,0.453,8.6,0,19000,6.7,1
AP601557,A,East,28700,0.363,6.2,1,24300,4.3,1
AP601558,A,West,86900,0.161,6.7,1,13800,3.7,0
AP601559,A,West,24700,0.254,6.4,0,8800,5.1,0
AP601560,A,East,35400,0.356,0.0,2,12300,7.6,0
AP601561,A,North,107900,0.315,8.0,2,7200,7.2,1
AP601562,A,North,77500,0.328,11.7,1,18500,1.3,0
AP601563,A,North,101900,0.485,9.8,2,18600,3.7,0
AP601564,B,South,61800,0.434,5.5,2,29900,3.8,1
AP601565,A,South,78700,0.339,6.7,1,8900,3.6,0
AP601566,A,West,58200,0.135,7.6,0,6100,8.7,0
AP601567,B,East,30100,0.436,5.8,2,28100,16.6,0
AP601568,B,West,34800,0.523,9.4,0,23800,3.9,0
AP601569,B,East,55600,0.227,4.8,1,7200,2.7,0
AP601570,B,East,23000,0.331,2.1,2,10200,10.7,1
AP601571,A,West,65200,0.313,9.0,0,18100,2.1,0
AP601572,B,East,49800,0.241,5.5,2,28100,2.2,1
AP601573,A,North,64600,0.313,5.3,0,12100,2.8,0
AP601574,A,West,55400,0.269,12.1,1,6900,3.8,0
AP601575,A,East,53200,0.516,7.1,2,33500,9.4,1
AP601576,B,South,58600,0.095,3.0,1,11300,6.7,0
AP601577,A,West,78200,0.22,9.1,0,11900,5.3,0
AP601578,A,West,58300,0.278,7.1,0,15700,1.9,0
AP601579,B,East,105100,0.204,6.0,2,18700,3.5,0
AP601580,A,North,94200,0.245,1.9,1,12500,3.9,1
AP601581,A,East,93200,0.364,8.0,1,12700,13.4,0
AP601582,A,West,42100,0.175,7.9,1,15900,1.6,1
AP601583,B,East,48400,0.31,2.1,1,10300,5.5,0
AP601584,A,North,94300,0.285,6.6,0,15800,6.6,0
AP601585,A,West,58700,0.264,12.9,1,18700,14.2,0
AP601586,B,South,60700,0.187,2.5,1,17600,1.7,0
AP601587,A,West,71900,0.239,8.0,1,13400,1.3,0
AP601588,B,South,68500,0.269,6.2,2,16200,4.4,0
AP601589,A,West,98400,0.366,5.3,0,15800,3.5,0
AP601590,B,East,44700,0.217,1.2,2,19000,3.0,0
AP601591,A,West,45100,0.349,9.1,2,11000,2.1,0
AP601592,B,East,53100,0.097,8.6,1,17000,6.5,0
AP601593,A,South,67500,0.293,9.4,0,10800,9.2,1
AP601594,A,East,78300,0.485,14.8,1,23100,5.4,1
AP601595,A,West,77100,0.216,8.1,0,16600,2.5,0
AP601596,A,South,93200,0.279,8.7,1,21700,0.8,0
AP601597,A,South,81400,0.211,3.3,1,20400,0.6,0
AP601598,A,South,77400,0.248,9.9,2,18400,4.7,1
AP601599,A,East,53300,0.41,10.1,1,29200,5.0,0
